"Order_ID","Order_Date","Customer_ID","Customer_Name","Category","Product_Name","Region","State","City","Quantity","Sales_Amount","Profit","Payment_Mode"
"ORD-10001","2025-01-16","CUST-1000","Stephanie Hernandez","Office Supplies","Dry Erase Whiteboard","West","California","San Diego","4","228.8","80.08","Net Banking"
"ORD-10002","2025-06-16","CUST-1083","Stephanie Lee","Office Supplies","Leather Binder Organizer","South","Georgia","Atlanta","8","280","126","Net Banking"
"ORD-10003","2026-05-07","CUST-1020","Emily Harris","Office Supplies","Ergonomic Footrest","West","Washington","Seattle","9","405","121.5","Credit Card"
"ORD-10004","2024-11-07","CUST-1000","Stephanie Hernandez","Technology","MacBook Air M3","South","Florida","Miami","1","1099","307.72","Credit Card"
"ORD-10005","2024-03-02","CUST-1015","Megan Miller","Furniture","Ergonomic Office Chair","East","New York","New York City","1","249","25.14","UPI"
"ORD-10006","2024-08-10","CUST-1020","Emily Harris","Furniture","LED Desk Lamp with Qi Charger","Central","Texas","Dallas","1","49","11.19","UPI"
"ORD-10007","2026-02-16","CUST-1091","Charles Thompson","Technology","iPhone 15 Pro","South","North Carolina","Charlotte","1","999","249.75","Credit Card"
"ORD-10008","2024-09-29","CUST-1004","Mark Jones","Technology","Samsung Galaxy S24","West","Washington","Seattle","1","809.1","178","UPI"
"ORD-10009","2024-02-20","CUST-1000","Stephanie Hernandez","Furniture","Wooden Writing Desk","South","Florida","Orlando","2","598","59.02","Credit Card"
"ORD-10010","2026-01-16","CUST-1061","Joseph Ramirez","Technology","iPhone 15 Pro","East","Massachusetts","Boston","1","999","249.75","Cash on Delivery"
"ORD-10011","2025-09-04","CUST-1045","James Jackson","Furniture","LED Desk Lamp with Qi Charger","Central","Ohio","Cleveland","1","49","10.74","Credit Card"
"ORD-10012","2025-02-07","CUST-1000","Stephanie Hernandez","Furniture","Bookshelf (5-Tier)","Central","Texas","Houston","2","238","26.14","Cash on Delivery"
"ORD-10013","2024-06-13","CUST-1000","Stephanie Hernandez","Furniture","Wooden Writing Desk","West","Oregon","Portland","1","299","27.09","Debit Card"
"ORD-10014","2026-01-02","CUST-1049","James Thompson","Furniture","LED Desk Lamp with Qi Charger","Central","Illinois","Chicago","1","49","11.15","Credit Card"
"ORD-10015","2026-04-03","CUST-1047","Rachel Thomas","Furniture","3-Drawer Mobile File Cabinet","East","New York","New York City","4","596","84.36","UPI"
"ORD-10016","2024-09-15","CUST-1004","Mark Jones","Technology","Logitech MX Master 3S","South","Georgia","Atlanta","1","99","34.65","Debit Card"
"ORD-10017","2024-11-30","CUST-1052","Elizabeth Anderson","Furniture","Ergonomic Office Chair","West","Washington","Seattle","2","438.24","49.62","Net Banking"
"ORD-10018","2026-02-26","CUST-1001","David Jackson","Office Supplies","Ergonomic Footrest","South","North Carolina","Charlotte","6","270","81","Debit Card"
"ORD-10019","2024-01-16","CUST-1053","Steven Harris","Office Supplies","Ergonomic Footrest","West","Washington","Seattle","10","450","135","Cash on Delivery"
"ORD-10020","2025-08-04","CUST-1079","Laura Perez","Technology","iPhone 15 Pro","Central","Texas","Dallas","1","899.1","224.78","Net Banking"
"ORD-10021","2025-10-09","CUST-1046","Amber Williams","Technology","USB-C Docking Station","East","Pennsylvania","Philadelphia","1","80","32","Debit Card"
"ORD-10022","2025-05-03","CUST-1023","Joseph Sanchez","Office Supplies","Heavy Duty Stapler","South","North Carolina","Charlotte","8","176","70.4","Cash on Delivery"
"ORD-10023","2025-06-21","CUST-1034","Stephanie Johnson","Technology","iPhone 15 Pro","Central","Illinois","Chicago","3","2997","749.25","Debit Card"
"ORD-10024","2024-10-23","CUST-1004","Mark Jones","Furniture","Electric Standing Desk","East","Massachusetts","Boston","4","1596","144.59","Debit Card"
"ORD-10025","2026-03-01","CUST-1088","Joseph Lee","Technology","USB-C Docking Station","West","California","Los Angeles","1","80","32","Credit Card"
"ORD-10026","2026-01-02","CUST-1015","Megan Miller","Office Supplies","Leather Binder Organizer","South","North Carolina","Charlotte","4","140","63","Credit Card"
"ORD-10027","2026-03-21","CUST-1087","Charles Rodriguez","Technology","MacBook Air M3","East","New York","Buffalo","1","945.14","264.64","Cash on Delivery"
"ORD-10028","2025-03-31","CUST-1099","Paul Harris","Office Supplies","Desktop File Organizer","Central","Texas","Houston","3","60","30","Credit Card"
"ORD-10029","2024-07-04","CUST-1075","David Thompson","Technology","iPhone 15 Pro","Central","Illinois","Chicago","1","999","249.75","Debit Card"
"ORD-10030","2025-08-25","CUST-1043","Sarah Gonzalez","Technology","Logitech MX Master 3S","West","Oregon","Portland","1","99","34.65","UPI"
"ORD-10031","2025-04-09","CUST-1024","Michael Clark","Furniture","Ergonomic Office Chair","West","California","San Francisco","1","249","30.07","UPI"
"ORD-10032","2024-06-29","CUST-1013","Laura Gonzalez","Office Supplies","Leather Binder Organizer","South","Florida","Miami","2","70","31.5","Cash on Delivery"
"ORD-10033","2024-05-09","CUST-1016","Amanda Jackson","Technology","Samsung Galaxy S24","West","California","Los Angeles","1","899","197.78","Net Banking"
"ORD-10034","2025-04-05","CUST-1055","Nicole Smith","Technology","Mechanical Keyboard","West","California","San Francisco","1","120","36","Credit Card"
"ORD-10035","2026-01-22","CUST-1000","Stephanie Hernandez","Technology","Mechanical Keyboard","East","Pennsylvania","Philadelphia","2","240","72","Debit Card"
"ORD-10036","2025-03-02","CUST-1080","Thomas Hernandez","Furniture","Bookshelf (5-Tier)","West","Washington","Seattle","2","238","29.83","Credit Card"
"ORD-10037","2026-03-23","CUST-1039","Nicole Harris","Office Supplies","Dry Erase Whiteboard","East","New York","New York City","8","520","182","Net Banking"
"ORD-10038","2025-06-27","CUST-1000","Stephanie Hernandez","Furniture","Bookshelf (5-Tier)","East","New York","Buffalo","2","238","28.97","Debit Card"
"ORD-10039","2025-05-18","CUST-1000","Stephanie Hernandez","Technology","Samsung Galaxy S24","East","Massachusetts","Boston","1","899","197.78","Cash on Delivery"
"ORD-10040","2024-03-03","CUST-1000","Stephanie Hernandez","Office Supplies","Gel Pen Pack (12 Qty)","West","Oregon","Portland","3","34.2","20.52","Cash on Delivery"
"ORD-10041","2024-01-18","CUST-1020","Emily Harris","Office Supplies","Ergonomic Footrest","West","California","San Francisco","3","135","40.5","Debit Card"
"ORD-10042","2025-07-15","CUST-1001","David Jackson","Technology","MacBook Air M3","West","Washington","Seattle","1","1099","307.72","Net Banking"
"ORD-10043","2026-04-18","CUST-1003","Paul Lewis","Office Supplies","Desktop File Organizer","West","California","Los Angeles","10","200","100","UPI"
"ORD-10044","2026-04-30","CUST-1059","Sarah Thomas","Furniture","Ergonomic Office Chair","South","North Carolina","Charlotte","2","498","59.57","UPI"
"ORD-10045","2026-02-04","CUST-1075","David Thompson","Office Supplies","Desktop File Organizer","East","Pennsylvania","Philadelphia","5","93","46.5","UPI"
"ORD-10046","2025-06-19","CUST-1000","Stephanie Hernandez","Technology","Dell XPS 13","South","Georgia","Atlanta","1","949.05","189.81","Cash on Delivery"
"ORD-10047","2024-06-21","CUST-1014","Courtney Perez","Office Supplies","Desktop File Organizer","West","California","Los Angeles","4","80","40","Cash on Delivery"
"ORD-10048","2026-04-01","CUST-1045","James Jackson","Technology","Mechanical Keyboard","West","California","San Francisco","2","240","72","Credit Card"
"ORD-10049","2024-08-13","CUST-1000","Stephanie Hernandez","Office Supplies","Heavy Duty Stapler","West","California","Los Angeles","7","161","64.4","Credit Card"
"ORD-10050","2025-01-25","CUST-1080","Thomas Hernandez","Technology","USB-C Docking Station","West","California","Los Angeles","1","80","32","Credit Card"
"ORD-10051","2026-03-02","CUST-1043","Sarah Gonzalez","Furniture","LED Desk Lamp with Qi Charger","East","Pennsylvania","Philadelphia","1","45.57","9.18","Debit Card"
"ORD-10052","2026-03-07","CUST-1002","Mark Martin","Furniture","Ergonomic Office Chair","West","California","San Diego","1","249","23.54","Debit Card"
"ORD-10053","2025-12-02","CUST-1016","Amanda Jackson","Furniture","Ergonomic Office Chair","West","California","Los Angeles","1","249","32.2","Credit Card"
"ORD-10054","2025-06-27","CUST-1024","Michael Clark","Furniture","Electric Standing Desk","East","Pennsylvania","Philadelphia","1","399","25.29","UPI"
"ORD-10055","2024-05-09","CUST-1021","David Lewis","Furniture","Wooden Writing Desk","West","Oregon","Portland","4","1196","111.55","Cash on Delivery"
"ORD-10056","2024-01-16","CUST-1002","Mark Martin","Furniture","LED Desk Lamp with Qi Charger","Central","Illinois","Chicago","1","45.57","9.97","Net Banking"
"ORD-10057","2025-09-22","CUST-1010","Steven Johnson","Technology","USB-C Docking Station","East","New York","Buffalo","1","80","32","Net Banking"
"ORD-10058","2025-05-29","CUST-1014","Courtney Perez","Technology","iPhone 15 Pro","South","Georgia","Atlanta","1","999","249.75","Debit Card"
"ORD-10059","2024-12-10","CUST-1050","Jessica Brown","Office Supplies","Heavy Duty Stapler","East","New York","New York City","9","193.5","77.4","UPI"
"ORD-10060","2024-12-12","CUST-1002","Mark Martin","Technology","Samsung Galaxy S24","West","Washington","Seattle","1","899","197.78","UPI"
"ORD-10061","2024-04-24","CUST-1036","Nicole Thomas","Technology","MacBook Air M3","East","New York","Buffalo","1","1099","307.72","Debit Card"
"ORD-10062","2025-07-06","CUST-1048","Daniel Robinson","Technology","Dell XPS 13","East","Pennsylvania","Philadelphia","1","999","199.8","Net Banking"
"ORD-10063","2024-01-10","CUST-1077","Robert Sanchez","Technology","Dell XPS 13","East","New York","Buffalo","1","999","199.8","Credit Card"
"ORD-10064","2024-12-03","CUST-1091","Charles Thompson","Office Supplies","Gel Pen Pack (12 Qty)","West","California","San Francisco","2","24","14.4","UPI"
"ORD-10065","2024-03-18","CUST-1001","David Jackson","Furniture","Electric Standing Desk","West","California","Los Angeles","1","371.07","33.79","Credit Card"
"ORD-10066","2024-11-25","CUST-1029","Thomas White","Furniture","LED Desk Lamp with Qi Charger","West","Oregon","Portland","4","196","37.89","UPI"
"ORD-10067","2025-11-13","CUST-1075","David Thompson","Furniture","LED Desk Lamp with Qi Charger","South","Georgia","Atlanta","1","49","10.38","Net Banking"
"ORD-10068","2024-06-12","CUST-1087","Charles Rodriguez","Office Supplies","Desktop File Organizer","Central","Ohio","Cleveland","10","200","100","Net Banking"
"ORD-10069","2025-05-04","CUST-1008","Rachel Clark","Technology","MacBook Air M3","West","California","San Diego","1","956.13","267.72","Net Banking"
"ORD-10070","2026-04-26","CUST-1040","Ashley Davis","Office Supplies","Premium A4 Copy Paper","West","California","San Diego","6","90","45","Debit Card"
"ORD-10071","2025-08-31","CUST-1055","Nicole Smith","Office Supplies","Premium A4 Copy Paper","East","New York","New York City","1","13.95","6.98","UPI"
"ORD-10072","2025-08-29","CUST-1016","Amanda Jackson","Furniture","Wooden Writing Desk","South","Florida","Miami","2","598","56.78","Net Banking"
"ORD-10073","2025-09-11","CUST-1004","Mark Jones","Office Supplies","Ergonomic Footrest","West","California","San Diego","5","200.25","60.08","Net Banking"
"ORD-10074","2025-12-24","CUST-1057","Elizabeth Miller","Technology","Dell XPS 13","Central","Illinois","Chicago","1","919.08","183.82","UPI"
"ORD-10075","2024-05-01","CUST-1001","David Jackson","Furniture","Electric Standing Desk","Central","Ohio","Cleveland","2","726.18","49.82","Credit Card"
"ORD-10076","2024-08-26","CUST-1008","Rachel Clark","Technology","iPhone 15 Pro","West","Oregon","Portland","1","859.14","214.78","Credit Card"
"ORD-10077","2025-10-16","CUST-1000","Stephanie Hernandez","Technology","Samsung Galaxy S24","West","California","Los Angeles","1","845.06","185.91","Credit Card"
"ORD-10078","2025-01-13","CUST-1002","Mark Martin","Furniture","Wooden Writing Desk","East","New York","New York City","1","299","23.98","Debit Card"
"ORD-10079","2025-03-05","CUST-1033","Jessica Clark","Office Supplies","Leather Binder Organizer","West","California","San Diego","3","105","47.25","Credit Card"
"ORD-10080","2026-03-06","CUST-1009","Melissa Jackson","Furniture","Ergonomic Office Chair","West","Washington","Seattle","1","249","31.97","Cash on Delivery"
"ORD-10081","2024-12-04","CUST-1005","Mark Clark","Office Supplies","Ergonomic Footrest","West","Washington","Seattle","3","118.8","35.64","UPI"
"ORD-10082","2025-06-10","CUST-1026","Daniel Lee","Furniture","LED Desk Lamp with Qi Charger","Central","Ohio","Cleveland","1","45.08","9.27","Credit Card"
"ORD-10083","2025-08-24","CUST-1013","Laura Gonzalez","Technology","Logitech MX Master 3S","East","Pennsylvania","Philadelphia","1","93.06","32.57","Net Banking"
"ORD-10084","2024-05-02","CUST-1004","Mark Jones","Furniture","Bookshelf (5-Tier)","West","California","Los Angeles","1","102.34","13.59","Cash on Delivery"
"ORD-10085","2024-04-02","CUST-1015","Megan Miller","Technology","iPhone 15 Pro","East","Pennsylvania","Philadelphia","3","2727.27","681.82","Cash on Delivery"
"ORD-10086","2026-03-29","CUST-1025","Laura Lopez","Office Supplies","Heavy Duty Stapler","Central","Texas","Dallas","1","25","10","UPI"
"ORD-10087","2024-08-15","CUST-1027","Laura Thompson","Technology","MacBook Air M3","East","Massachusetts","Boston","1","1099","307.72","Credit Card"
"ORD-10088","2024-06-26","CUST-1001","David Jackson","Office Supplies","Leather Binder Organizer","West","Washington","Seattle","10","350","157.5","UPI"
"ORD-10089","2024-09-17","CUST-1099","Paul Harris","Furniture","Electric Standing Desk","West","California","Los Angeles","1","375.06","26.16","UPI"
"ORD-10090","2025-09-22","CUST-1002","Mark Martin","Furniture","Ergonomic Office Chair","East","New York","Buffalo","1","249","31.44","UPI"
"ORD-10091","2024-08-11","CUST-1073","Paul Johnson","Office Supplies","Premium A4 Copy Paper","East","New York","New York City","7","105","52.5","Debit Card"
"ORD-10092","2025-08-18","CUST-1098","Donald Gonzalez","Technology","Dell XPS 13","West","Washington","Seattle","1","999","199.8","Cash on Delivery"
"ORD-10093","2025-03-24","CUST-1000","Stephanie Hernandez","Office Supplies","Heavy Duty Stapler","Central","Illinois","Chicago","3","75","30","UPI"
"ORD-10094","2026-04-17","CUST-1000","Stephanie Hernandez","Office Supplies","Gel Pen Pack (12 Qty)","South","Georgia","Atlanta","8","96","57.6","Cash on Delivery"
"ORD-10095","2026-01-28","CUST-1040","Ashley Davis","Office Supplies","Premium A4 Copy Paper","East","New York","New York City","8","120","60","Credit Card"
"ORD-10096","2024-05-19","CUST-1002","Mark Martin","Office Supplies","Desktop File Organizer","West","Washington","Seattle","7","140","70","Credit Card"
"ORD-10097","2024-07-13","CUST-1066","Matthew Sanchez","Office Supplies","Heavy Duty Stapler","Central","Illinois","Chicago","5","115","46","UPI"
"ORD-10098","2024-05-27","CUST-1001","David Jackson","Technology","USB-C Docking Station","West","California","San Diego","1","80","32","Net Banking"
"ORD-10099","2024-06-03","CUST-1080","Thomas Hernandez","Furniture","Ergonomic Office Chair","East","Pennsylvania","Philadelphia","4","926.28","119.02","UPI"
"ORD-10100","2025-07-08","CUST-1084","David Perez","Office Supplies","Dry Erase Whiteboard","East","New York","Buffalo","6","390","136.5","Debit Card"
"ORD-10101","2025-01-21","CUST-1017","Michael Clark","Office Supplies","Gel Pen Pack (12 Qty)","East","Massachusetts","Boston","4","48","28.8","Cash on Delivery"
"ORD-10102","2025-02-05","CUST-1080","Thomas Hernandez","Furniture","Wooden Writing Desk","Central","Texas","Houston","4","1196","95.81","Net Banking"
"ORD-10103","2024-02-18","CUST-1086","William Lewis","Technology","USB-C Docking Station","Central","Texas","Austin","1","80","32","Credit Card"
"ORD-10104","2024-06-04","CUST-1022","James Harris","Technology","iPhone 15 Pro","Central","Ohio","Cleveland","2","1718.28","429.57","Cash on Delivery"
"ORD-10105","2026-03-02","CUST-1066","Matthew Sanchez","Furniture","Electric Standing Desk","West","Washington","Seattle","2","798","63.35","Credit Card"
"ORD-10106","2024-07-31","CUST-1009","Melissa Jackson","Technology","Logitech MX Master 3S","West","California","San Francisco","1","99","34.65","Cash on Delivery"
"ORD-10107","2025-07-08","CUST-1029","Thomas White","Technology","USB-C Docking Station","South","Florida","Orlando","1","80","32","Cash on Delivery"
"ORD-10108","2025-04-21","CUST-1067","Rachel Hernandez","Technology","USB-C Docking Station","South","North Carolina","Charlotte","1","80","32","UPI"
"ORD-10109","2024-09-21","CUST-1022","James Harris","Furniture","3-Drawer Mobile File Cabinet","East","Massachusetts","Boston","1","149","17.97","Cash on Delivery"
"ORD-10110","2026-01-14","CUST-1011","Sarah Sanchez","Furniture","Ergonomic Office Chair","East","New York","Buffalo","1","249","25.49","Debit Card"
"ORD-10111","2025-05-29","CUST-1045","James Jackson","Furniture","Electric Standing Desk","East","Pennsylvania","Philadelphia","2","798","50.19","UPI"
"ORD-10112","2025-11-04","CUST-1011","Sarah Sanchez","Furniture","3-Drawer Mobile File Cabinet","Central","Texas","Dallas","1","149","18.29","Credit Card"
"ORD-10113","2024-01-16","CUST-1057","Elizabeth Miller","Furniture","3-Drawer Mobile File Cabinet","East","New York","New York City","1","149","20.92","Debit Card"
"ORD-10114","2024-11-09","CUST-1086","William Lewis","Furniture","Wooden Writing Desk","East","Pennsylvania","Philadelphia","1","299","27.39","Credit Card"
"ORD-10115","2025-12-04","CUST-1064","Amanda Perez","Furniture","Wooden Writing Desk","West","California","San Francisco","1","299","24.77","Cash on Delivery"
"ORD-10116","2024-11-15","CUST-1043","Sarah Gonzalez","Furniture","Ergonomic Office Chair","Central","Texas","Austin","1","214.14","20.05","Net Banking"
"ORD-10117","2024-12-31","CUST-1001","David Jackson","Technology","iPhone 15 Pro","West","California","Los Angeles","1","879.12","219.78","Cash on Delivery"
"ORD-10118","2025-08-16","CUST-1028","Nicole Martin","Technology","Samsung Galaxy S24","Central","Texas","Dallas","1","845.06","185.91","Credit Card"
"ORD-10119","2025-05-02","CUST-1043","Sarah Gonzalez","Furniture","Ergonomic Office Chair","East","New York","Buffalo","1","249","22.97","Credit Card"
"ORD-10120","2024-03-30","CUST-1066","Matthew Sanchez","Furniture","Bookshelf (5-Tier)","East","Pennsylvania","Philadelphia","1","119","12.91","UPI"
"ORD-10121","2025-09-04","CUST-1034","Stephanie Johnson","Furniture","Wooden Writing Desk","East","Pennsylvania","Philadelphia","1","266.11","27.82","Net Banking"
"ORD-10122","2025-07-02","CUST-1050","Jessica Brown","Technology","Mechanical Keyboard","West","California","San Diego","1","120","36","Credit Card"
"ORD-10123","2025-03-08","CUST-1027","Laura Thompson","Office Supplies","Premium A4 Copy Paper","West","California","San Diego","8","120","60","Debit Card"
"ORD-10124","2024-01-26","CUST-1004","Mark Jones","Furniture","Electric Standing Desk","East","New York","New York City","1","399","27.46","Credit Card"
"ORD-10125","2025-04-09","CUST-1005","Mark Clark","Furniture","Wooden Writing Desk","East","Pennsylvania","Philadelphia","1","299","32.44","Net Banking"
"ORD-10126","2025-07-12","CUST-1000","Stephanie Hernandez","Technology","Dell XPS 13","West","California","San Francisco","1","999","199.8","Credit Card"
"ORD-10127","2024-09-04","CUST-1094","Thomas Sanchez","Office Supplies","Gel Pen Pack (12 Qty)","West","California","Los Angeles","10","120","72","Credit Card"
"ORD-10128","2026-01-25","CUST-1018","Jessica Martin","Office Supplies","Premium A4 Copy Paper","East","Massachusetts","Boston","7","105","52.5","UPI"
"ORD-10129","2024-10-14","CUST-1052","Elizabeth Anderson","Technology","Mechanical Keyboard","West","Oregon","Portland","1","120","36","Cash on Delivery"
"ORD-10130","2024-11-26","CUST-1047","Rachel Thomas","Office Supplies","Ergonomic Footrest","East","Massachusetts","Boston","2","90","27","Net Banking"
"ORD-10131","2026-04-07","CUST-1012","Donald Jones","Technology","iPhone 15 Pro","West","California","Los Angeles","1","889.11","222.28","Net Banking"
"ORD-10132","2024-02-08","CUST-1065","Melissa Thompson","Furniture","LED Desk Lamp with Qi Charger","West","California","Los Angeles","1","43.12","9.81","UPI"
"ORD-10133","2024-09-14","CUST-1089","Thomas Lee","Furniture","Ergonomic Office Chair","Central","Ohio","Cleveland","1","214.14","26.06","Debit Card"
"ORD-10134","2024-03-11","CUST-1004","Mark Jones","Technology","Samsung Galaxy S24","Central","Illinois","Chicago","1","899","197.78","UPI"
"ORD-10135","2025-02-04","CUST-1090","John Davis","Office Supplies","Leather Binder Organizer","East","Massachusetts","Boston","9","315","141.75","Net Banking"
"ORD-10136","2024-05-30","CUST-1084","David Perez","Office Supplies","Dry Erase Whiteboard","East","Massachusetts","Boston","5","325","113.75","Debit Card"
"ORD-10137","2024-06-16","CUST-1025","Laura Lopez","Technology","iPhone 15 Pro","East","New York","Buffalo","1","999","249.75","Cash on Delivery"
"ORD-10138","2025-04-13","CUST-1069","Sarah Williams","Office Supplies","Premium A4 Copy Paper","Central","Texas","Austin","8","120","60","UPI"
"ORD-10139","2024-11-27","CUST-1054","Elizabeth Anderson","Office Supplies","Heavy Duty Stapler","East","Massachusetts","Boston","1","23.25","9.3","UPI"
"ORD-10140","2026-01-01","CUST-1054","Elizabeth Anderson","Technology","USB-C Docking Station","Central","Ohio","Cleveland","2","160","64","Cash on Delivery"
"ORD-10141","2026-03-12","CUST-1011","Sarah Sanchez","Technology","Logitech MX Master 3S","East","New York","Buffalo","1","99","34.65","UPI"
"ORD-10142","2026-01-28","CUST-1036","Nicole Thomas","Office Supplies","Ergonomic Footrest","East","Massachusetts","Boston","8","360","108","Debit Card"
"ORD-10143","2024-11-21","CUST-1014","Courtney Perez","Technology","Dell XPS 13","East","Pennsylvania","Philadelphia","1","999","199.8","UPI"
"ORD-10144","2025-06-25","CUST-1085","Matthew Hernandez","Technology","Dell XPS 13","East","Massachusetts","Boston","1","999","199.8","Credit Card"
"ORD-10145","2024-01-03","CUST-1001","David Jackson","Office Supplies","Premium A4 Copy Paper","East","Massachusetts","Boston","9","135","67.5","Net Banking"
"ORD-10146","2024-07-15","CUST-1033","Jessica Clark","Technology","Dell XPS 13","East","New York","New York City","2","1998","399.6","Debit Card"
"ORD-10147","2026-04-30","CUST-1034","Stephanie Johnson","Office Supplies","Ergonomic Footrest","West","Oregon","Portland","7","315","94.5","Credit Card"
"ORD-10148","2025-06-17","CUST-1055","Nicole Smith","Technology","Logitech MX Master 3S","West","Washington","Seattle","1","99","34.65","Net Banking"
"ORD-10149","2024-02-16","CUST-1098","Donald Gonzalez","Office Supplies","Heavy Duty Stapler","West","California","San Diego","9","195.75","78.3","UPI"
"ORD-10150","2025-08-31","CUST-1035","Megan Brown","Furniture","Wooden Writing Desk","East","Massachusetts","Boston","1","272.09","25.85","Net Banking"
"ORD-10151","2025-04-19","CUST-1020","Emily Harris","Office Supplies","Leather Binder Organizer","East","New York","New York City","1","30.1","13.55","Cash on Delivery"
"ORD-10152","2024-11-20","CUST-1075","David Thompson","Office Supplies","Dry Erase Whiteboard","West","California","San Francisco","1","65","22.75","Net Banking"
"ORD-10153","2025-05-16","CUST-1057","Elizabeth Miller","Technology","iPhone 15 Pro","East","Pennsylvania","Philadelphia","1","999","249.75","Debit Card"
"ORD-10154","2025-07-31","CUST-1021","David Lewis","Furniture","Wooden Writing Desk","West","California","San Francisco","2","598","59.57","Credit Card"
"ORD-10155","2024-08-02","CUST-1005","Mark Clark","Office Supplies","Premium A4 Copy Paper","East","Pennsylvania","Philadelphia","6","84.6","42.3","Debit Card"
"ORD-10156","2024-09-05","CUST-1022","James Harris","Office Supplies","Ergonomic Footrest","South","Georgia","Atlanta","3","135","40.5","Debit Card"
"ORD-10157","2024-09-16","CUST-1086","William Lewis","Office Supplies","Premium A4 Copy Paper","West","Oregon","Portland","6","90","45","Credit Card"
"ORD-10158","2024-08-26","CUST-1000","Stephanie Hernandez","Office Supplies","Gel Pen Pack (12 Qty)","West","Oregon","Portland","8","96","57.6","Credit Card"
"ORD-10159","2026-01-01","CUST-1013","Laura Gonzalez","Technology","Samsung Galaxy S24","Central","Ohio","Cleveland","1","899","197.78","UPI"
"ORD-10160","2025-06-05","CUST-1069","Sarah Williams","Furniture","Electric Standing Desk","South","Florida","Miami","1","375.06","30.23","Credit Card"
"ORD-10161","2024-07-12","CUST-1008","Rachel Clark","Furniture","3-Drawer Mobile File Cabinet","South","Florida","Miami","1","149","22.53","Debit Card"
"ORD-10162","2024-08-03","CUST-1001","David Jackson","Furniture","LED Desk Lamp with Qi Charger","West","Oregon","Portland","1","49","10.97","Debit Card"
"ORD-10163","2025-04-18","CUST-1055","Nicole Smith","Technology","Mechanical Keyboard","West","Oregon","Portland","1","120","36","Debit Card"
"ORD-10164","2026-03-18","CUST-1061","Joseph Ramirez","Office Supplies","Leather Binder Organizer","East","New York","New York City","5","175","78.75","UPI"
"ORD-10165","2024-10-23","CUST-1000","Stephanie Hernandez","Technology","USB-C Docking Station","West","Washington","Seattle","3","240","96","Net Banking"
"ORD-10166","2024-03-29","CUST-1002","Mark Martin","Furniture","Bookshelf (5-Tier)","West","California","San Diego","1","119","15.98","UPI"
"ORD-10167","2025-11-28","CUST-1023","Joseph Sanchez","Office Supplies","Gel Pen Pack (12 Qty)","South","North Carolina","Charlotte","1","12","7.2","Net Banking"
"ORD-10168","2025-02-07","CUST-1001","David Jackson","Office Supplies","Ergonomic Footrest","South","Florida","Miami","9","405","121.5","Debit Card"
"ORD-10169","2026-03-26","CUST-1000","Stephanie Hernandez","Technology","MacBook Air M3","East","Massachusetts","Boston","1","1099","307.72","Credit Card"
"ORD-10170","2024-05-18","CUST-1022","James Harris","Office Supplies","Leather Binder Organizer","East","New York","New York City","9","315","141.75","UPI"
"ORD-10171","2025-03-15","CUST-1051","Amber Robinson","Office Supplies","Premium A4 Copy Paper","Central","Ohio","Cleveland","9","135","67.5","UPI"
"ORD-10172","2025-11-10","CUST-1006","Ashley Garcia","Technology","Mechanical Keyboard","East","New York","New York City","2","240","72","Cash on Delivery"
"ORD-10173","2026-05-09","CUST-1008","Rachel Clark","Furniture","Ergonomic Office Chair","Central","Texas","Houston","1","249","25.39","UPI"
"ORD-10174","2025-09-21","CUST-1064","Amanda Perez","Furniture","LED Desk Lamp with Qi Charger","West","Oregon","Portland","1","49","10.61","Net Banking"
"ORD-10175","2026-03-04","CUST-1083","Stephanie Lee","Office Supplies","Gel Pen Pack (12 Qty)","West","California","San Diego","7","84","50.4","UPI"
"ORD-10176","2026-01-23","CUST-1069","Sarah Williams","Office Supplies","Desktop File Organizer","Central","Illinois","Chicago","9","180","90","Debit Card"
"ORD-10177","2025-06-24","CUST-1041","Jane Perez","Office Supplies","Desktop File Organizer","West","Oregon","Portland","9","180","90","Net Banking"
"ORD-10178","2025-12-12","CUST-1040","Ashley Davis","Furniture","LED Desk Lamp with Qi Charger","East","New York","New York City","2","98","20.12","Credit Card"
"ORD-10179","2025-01-24","CUST-1006","Ashley Garcia","Office Supplies","Heavy Duty Stapler","Central","Texas","Austin","4","100","40","Debit Card"
"ORD-10180","2026-02-07","CUST-1003","Paul Lewis","Office Supplies","Gel Pen Pack (12 Qty)","Central","Texas","Houston","8","96","57.6","Credit Card"
"ORD-10181","2026-02-21","CUST-1021","David Lewis","Office Supplies","Dry Erase Whiteboard","West","California","Los Angeles","7","455","159.25","Net Banking"
"ORD-10182","2024-07-02","CUST-1018","Jessica Martin","Technology","Logitech MX Master 3S","West","Washington","Seattle","1","99","34.65","UPI"
"ORD-10183","2025-11-23","CUST-1033","Jessica Clark","Office Supplies","Gel Pen Pack (12 Qty)","West","California","San Diego","3","36","21.6","Credit Card"
"ORD-10184","2026-05-13","CUST-1006","Ashley Garcia","Furniture","Wooden Writing Desk","East","Pennsylvania","Philadelphia","2","598","60.25","UPI"
"ORD-10185","2025-06-22","CUST-1070","Amanda Robinson","Technology","USB-C Docking Station","West","California","San Francisco","3","240","96","Debit Card"
"ORD-10186","2025-06-25","CUST-1000","Stephanie Hernandez","Office Supplies","Gel Pen Pack (12 Qty)","South","Florida","Orlando","6","72","43.2","UPI"
"ORD-10187","2026-03-24","CUST-1051","Amber Robinson","Office Supplies","Desktop File Organizer","East","New York","New York City","3","60","30","Cash on Delivery"
"ORD-10188","2024-05-25","CUST-1005","Mark Clark","Furniture","Bookshelf (5-Tier)","Central","Illinois","Chicago","4","428.4","46.89","Debit Card"
"ORD-10189","2024-06-23","CUST-1002","Mark Martin","Furniture","Bookshelf (5-Tier)","West","Oregon","Portland","2","221.34","23.76","UPI"
"ORD-10190","2024-01-06","CUST-1097","Rachel Ramirez","Furniture","Electric Standing Desk","East","Pennsylvania","Philadelphia","1","347.13","23.6","Credit Card"
"ORD-10191","2024-01-30","CUST-1031","Daniel Hernandez","Office Supplies","Heavy Duty Stapler","West","California","San Francisco","10","250","100","Debit Card"
"ORD-10192","2025-04-22","CUST-1003","Paul Lewis","Technology","USB-C Docking Station","South","Georgia","Atlanta","1","75.2","30.08","Credit Card"
"ORD-10193","2025-10-14","CUST-1004","Mark Jones","Furniture","LED Desk Lamp with Qi Charger","East","Massachusetts","Boston","1","49","9.94","UPI"
"ORD-10194","2025-07-16","CUST-1048","Daniel Robinson","Office Supplies","Dry Erase Whiteboard","West","California","San Francisco","10","650","227.5","UPI"
"ORD-10195","2025-01-23","CUST-1003","Paul Lewis","Furniture","LED Desk Lamp with Qi Charger","West","Washington","Seattle","1","49","9.61","Net Banking"
"ORD-10196","2024-02-28","CUST-1099","Paul Harris","Technology","iPhone 15 Pro","Central","Ohio","Cleveland","1","999","249.75","Net Banking"
"ORD-10197","2024-01-14","CUST-1058","Nicole Martinez","Office Supplies","Heavy Duty Stapler","West","California","San Diego","4","100","40","Net Banking"
"ORD-10198","2026-02-17","CUST-1022","James Harris","Technology","MacBook Air M3","Central","Texas","Austin","1","1099","307.72","Debit Card"
"ORD-10199","2026-05-08","CUST-1050","Jessica Brown","Furniture","Ergonomic Office Chair","East","New York","New York City","1","249","26.75","UPI"
"ORD-10200","2026-01-07","CUST-1000","Stephanie Hernandez","Technology","USB-C Docking Station","West","Oregon","Portland","2","160","64","Cash on Delivery"
"ORD-10201","2025-11-24","CUST-1036","Nicole Thomas","Technology","iPhone 15 Pro","Central","Ohio","Cleveland","3","2997","749.25","Debit Card"
"ORD-10202","2025-09-19","CUST-1011","Sarah Sanchez","Furniture","Electric Standing Desk","East","New York","New York City","1","399","29.46","Cash on Delivery"
"ORD-10203","2024-09-25","CUST-1001","David Jackson","Office Supplies","Dry Erase Whiteboard","Central","Ohio","Cleveland","6","335.4","117.39","UPI"
"ORD-10204","2026-04-15","CUST-1001","David Jackson","Technology","Dell XPS 13","West","Washington","Seattle","1","999","199.8","Credit Card"
"ORD-10205","2025-06-25","CUST-1005","Mark Clark","Office Supplies","Heavy Duty Stapler","West","California","San Francisco","7","175","70","UPI"
"ORD-10206","2024-07-13","CUST-1072","Laura Wilson","Office Supplies","Dry Erase Whiteboard","West","Oregon","Portland","2","110.5","38.67","Credit Card"
"ORD-10207","2025-03-01","CUST-1024","Michael Clark","Technology","Dell XPS 13","South","Florida","Orlando","1","999","199.8","Net Banking"
"ORD-10208","2026-02-22","CUST-1000","Stephanie Hernandez","Technology","Mechanical Keyboard","West","Oregon","Portland","1","120","36","Debit Card"
"ORD-10209","2026-02-15","CUST-1058","Nicole Martinez","Technology","Mechanical Keyboard","West","Oregon","Portland","1","103.2","30.96","Credit Card"
"ORD-10210","2024-05-18","CUST-1000","Stephanie Hernandez","Technology","Samsung Galaxy S24","South","Florida","Miami","1","899","197.78","Credit Card"
"ORD-10211","2024-02-26","CUST-1061","Joseph Ramirez","Technology","USB-C Docking Station","East","New York","Buffalo","1","80","32","Cash on Delivery"
"ORD-10212","2025-12-01","CUST-1017","Michael Clark","Technology","Samsung Galaxy S24","Central","Illinois","Chicago","2","1798","395.56","Net Banking"
"ORD-10213","2026-05-29","CUST-1023","Joseph Sanchez","Furniture","Electric Standing Desk","West","Oregon","Portland","1","355.11","26.55","Net Banking"
"ORD-10214","2024-01-25","CUST-1080","Thomas Hernandez","Office Supplies","Desktop File Organizer","East","Massachusetts","Boston","10","200","100","Credit Card"
"ORD-10215","2024-08-27","CUST-1000","Stephanie Hernandez","Technology","USB-C Docking Station","West","Oregon","Portland","3","240","96","Credit Card"
"ORD-10216","2024-08-16","CUST-1033","Jessica Clark","Furniture","Bookshelf (5-Tier)","Central","Texas","Houston","2","238","33.19","Net Banking"
"ORD-10217","2026-01-20","CUST-1049","James Thompson","Technology","Logitech MX Master 3S","West","Washington","Seattle","1","88.11","30.84","Debit Card"
"ORD-10218","2025-11-09","CUST-1098","Donald Gonzalez","Office Supplies","Desktop File Organizer","South","North Carolina","Charlotte","3","60","30","Debit Card"
"ORD-10219","2026-01-08","CUST-1041","Jane Perez","Furniture","Ergonomic Office Chair","East","Massachusetts","Boston","1","249","26.26","UPI"
"ORD-10220","2025-01-11","CUST-1085","Matthew Hernandez","Technology","Samsung Galaxy S24","West","California","Los Angeles","2","1798","395.56","Net Banking"
"ORD-10221","2026-04-08","CUST-1001","David Jackson","Technology","MacBook Air M3","Central","Texas","Austin","1","1099","307.72","Net Banking"
"ORD-10222","2025-05-25","CUST-1068","Elizabeth Lopez","Technology","MacBook Air M3","Central","Illinois","Chicago","1","1099","307.72","Debit Card"
"ORD-10223","2025-10-14","CUST-1058","Nicole Martinez","Technology","Logitech MX Master 3S","East","Massachusetts","Boston","1","88.11","30.84","UPI"
"ORD-10224","2024-01-19","CUST-1072","Laura Wilson","Office Supplies","Leather Binder Organizer","West","Oregon","Portland","5","175","78.75","Credit Card"
"ORD-10225","2024-08-30","CUST-1052","Elizabeth Anderson","Technology","Mechanical Keyboard","West","Oregon","Portland","1","120","36","Credit Card"
"ORD-10226","2025-04-24","CUST-1072","Laura Wilson","Technology","Logitech MX Master 3S","Central","Texas","Dallas","1","99","34.65","Cash on Delivery"
"ORD-10227","2024-09-15","CUST-1056","Jessica Clark","Technology","MacBook Air M3","West","Washington","Seattle","1","1099","307.72","Debit Card"
"ORD-10228","2024-09-01","CUST-1005","Mark Clark","Furniture","3-Drawer Mobile File Cabinet","Central","Ohio","Cleveland","1","131.12","18.69","Credit Card"
"ORD-10229","2024-05-06","CUST-1065","Melissa Thompson","Technology","USB-C Docking Station","East","Massachusetts","Boston","1","80","32","Cash on Delivery"
"ORD-10230","2025-07-17","CUST-1078","Amber Garcia","Technology","iPhone 15 Pro","West","California","Los Angeles","1","999","249.75","Debit Card"
"ORD-10231","2025-09-28","CUST-1003","Paul Lewis","Office Supplies","Ergonomic Footrest","East","Pennsylvania","Philadelphia","2","90","27","Debit Card"
"ORD-10232","2025-03-08","CUST-1005","Mark Clark","Office Supplies","Dry Erase Whiteboard","West","Washington","Seattle","6","390","136.5","Debit Card"
"ORD-10233","2024-02-16","CUST-1069","Sarah Williams","Technology","Logitech MX Master 3S","South","Florida","Miami","3","261.36","91.48","Credit Card"
"ORD-10234","2025-02-11","CUST-1003","Paul Lewis","Technology","Logitech MX Master 3S","East","New York","New York City","1","99","34.65","Debit Card"
"ORD-10235","2024-06-15","CUST-1025","Laura Lopez","Technology","Samsung Galaxy S24","East","New York","New York City","1","854.05","187.89","Net Banking"
"ORD-10236","2025-06-08","CUST-1020","Emily Harris","Office Supplies","Dry Erase Whiteboard","East","New York","Buffalo","9","503.1","176.08","Net Banking"
"ORD-10237","2024-06-10","CUST-1000","Stephanie Hernandez","Office Supplies","Dry Erase Whiteboard","West","California","San Francisco","6","390","136.5","Net Banking"
"ORD-10238","2025-06-04","CUST-1018","Jessica Martin","Technology","Samsung Galaxy S24","South","Florida","Miami","1","899","197.78","Cash on Delivery"
"ORD-10239","2026-02-07","CUST-1000","Stephanie Hernandez","Office Supplies","Premium A4 Copy Paper","East","Massachusetts","Boston","5","75","37.5","Cash on Delivery"
"ORD-10240","2025-05-20","CUST-1053","Steven Harris","Office Supplies","Dry Erase Whiteboard","East","New York","Buffalo","7","455","159.25","Cash on Delivery"
"ORD-10241","2025-02-07","CUST-1011","Sarah Sanchez","Office Supplies","Heavy Duty Stapler","Central","Texas","Houston","8","200","80","Credit Card"
"ORD-10242","2024-01-29","CUST-1063","Amber Martinez","Office Supplies","Desktop File Organizer","East","New York","Buffalo","4","80","40","Cash on Delivery"
"ORD-10243","2025-05-03","CUST-1079","Laura Perez","Technology","MacBook Air M3","Central","Texas","Dallas","1","1099","307.72","Net Banking"
"ORD-10244","2025-01-18","CUST-1000","Stephanie Hernandez","Office Supplies","Desktop File Organizer","Central","Texas","Houston","1","18","9","Credit Card"
"ORD-10245","2025-05-20","CUST-1028","Nicole Martin","Office Supplies","Premium A4 Copy Paper","Central","Illinois","Chicago","10","150","75","UPI"
"ORD-10246","2025-08-18","CUST-1024","Michael Clark","Technology","Logitech MX Master 3S","East","Massachusetts","Boston","1","99","34.65","Cash on Delivery"
"ORD-10247","2025-10-19","CUST-1023","Joseph Sanchez","Furniture","Wooden Writing Desk","East","New York","Buffalo","2","514.28","45.12","Cash on Delivery"
"ORD-10248","2025-12-22","CUST-1028","Nicole Martin","Office Supplies","Premium A4 Copy Paper","East","Massachusetts","Boston","7","105","52.5","Cash on Delivery"
"ORD-10249","2025-10-12","CUST-1000","Stephanie Hernandez","Office Supplies","Gel Pen Pack (12 Qty)","Central","Texas","Houston","9","108","64.8","Net Banking"
"ORD-10250","2025-08-05","CUST-1000","Stephanie Hernandez","Technology","Logitech MX Master 3S","Central","Ohio","Cleveland","1","90.09","31.53","Debit Card"
"ORD-10251","2026-01-28","CUST-1000","Stephanie Hernandez","Furniture","Electric Standing Desk","West","California","San Francisco","1","399","28.83","UPI"
"ORD-10252","2026-05-18","CUST-1001","David Jackson","Technology","Dell XPS 13","Central","Texas","Houston","1","879.12","175.82","Net Banking"
"ORD-10253","2026-05-06","CUST-1000","Stephanie Hernandez","Technology","MacBook Air M3","South","Georgia","Atlanta","1","1099","307.72","Cash on Delivery"
"ORD-10254","2025-05-16","CUST-1028","Nicole Martin","Office Supplies","Leather Binder Organizer","South","Florida","Orlando","8","280","126","Credit Card"
"ORD-10255","2026-04-26","CUST-1000","Stephanie Hernandez","Technology","iPhone 15 Pro","West","Washington","Seattle","2","1998","499.5","UPI"
"ORD-10256","2025-09-15","CUST-1054","Elizabeth Anderson","Office Supplies","Premium A4 Copy Paper","West","Oregon","Portland","4","60","30","Net Banking"
"ORD-10257","2026-04-11","CUST-1000","Stephanie Hernandez","Furniture","LED Desk Lamp with Qi Charger","Central","Ohio","Cleveland","1","43.61","9.75","Debit Card"
"ORD-10258","2025-04-08","CUST-1001","David Jackson","Furniture","LED Desk Lamp with Qi Charger","West","California","Los Angeles","2","98","20.62","Net Banking"
"ORD-10259","2024-07-02","CUST-1003","Paul Lewis","Furniture","LED Desk Lamp with Qi Charger","South","North Carolina","Charlotte","1","49","10.32","Net Banking"
"ORD-10260","2026-03-30","CUST-1009","Melissa Jackson","Technology","Mechanical Keyboard","Central","Illinois","Chicago","1","120","36","UPI"
"ORD-10261","2026-01-28","CUST-1000","Stephanie Hernandez","Office Supplies","Leather Binder Organizer","East","New York","New York City","5","166.25","74.81","Cash on Delivery"
"ORD-10262","2024-08-24","CUST-1025","Laura Lopez","Office Supplies","Gel Pen Pack (12 Qty)","South","North Carolina","Charlotte","9","101.52","60.91","Net Banking"
"ORD-10263","2025-03-11","CUST-1050","Jessica Brown","Furniture","Wooden Writing Desk","Central","Illinois","Chicago","1","299","33.69","UPI"
"ORD-10264","2024-07-23","CUST-1048","Daniel Robinson","Furniture","Bookshelf (5-Tier)","South","Florida","Miami","1","119","13.13","UPI"
"ORD-10265","2024-11-26","CUST-1012","Donald Jones","Furniture","3-Drawer Mobile File Cabinet","South","Florida","Miami","1","149","20.91","Debit Card"
"ORD-10266","2026-04-11","CUST-1000","Stephanie Hernandez","Technology","iPhone 15 Pro","East","Pennsylvania","Philadelphia","1","999","249.75","UPI"
"ORD-10267","2024-08-06","CUST-1021","David Lewis","Office Supplies","Heavy Duty Stapler","East","Pennsylvania","Philadelphia","1","22.75","9.1","UPI"
"ORD-10268","2025-01-24","CUST-1073","Paul Johnson","Furniture","Ergonomic Office Chair","East","Massachusetts","Boston","1","234.06","25.47","Net Banking"
"ORD-10269","2025-11-08","CUST-1013","Laura Gonzalez","Furniture","Bookshelf (5-Tier)","Central","Texas","Dallas","1","119","13.6","Net Banking"
"ORD-10270","2025-08-08","CUST-1016","Amanda Jackson","Technology","Logitech MX Master 3S","East","New York","New York City","1","88.11","30.84","Net Banking"
"ORD-10271","2026-05-05","CUST-1000","Stephanie Hernandez","Furniture","Ergonomic Office Chair","East","Pennsylvania","Philadelphia","1","234.06","25.09","UPI"
"ORD-10272","2024-10-15","CUST-1000","Stephanie Hernandez","Technology","Mechanical Keyboard","West","Oregon","Portland","1","120","36","UPI"
"ORD-10273","2025-07-07","CUST-1017","Michael Clark","Technology","Logitech MX Master 3S","South","Florida","Miami","1","99","34.65","UPI"
"ORD-10274","2025-05-13","CUST-1073","Paul Johnson","Furniture","Wooden Writing Desk","East","Massachusetts","Boston","1","299","33.17","Credit Card"
"ORD-10275","2024-05-02","CUST-1010","Steven Johnson","Office Supplies","Leather Binder Organizer","East","Pennsylvania","Philadelphia","8","280","126","UPI"
"ORD-10276","2025-10-04","CUST-1005","Mark Clark","Furniture","LED Desk Lamp with Qi Charger","East","New York","New York City","1","49","9.45","Cash on Delivery"
"ORD-10277","2025-03-12","CUST-1092","Megan Davis","Furniture","LED Desk Lamp with Qi Charger","South","North Carolina","Charlotte","1","44.1","10.07","Debit Card"
"ORD-10278","2026-01-12","CUST-1054","Elizabeth Anderson","Technology","Samsung Galaxy S24","South","North Carolina","Charlotte","1","899","197.78","Net Banking"
"ORD-10279","2026-03-26","CUST-1002","Mark Martin","Office Supplies","Desktop File Organizer","Central","Texas","Houston","6","120","60","UPI"
"ORD-10280","2025-08-03","CUST-1061","Joseph Ramirez","Technology","Logitech MX Master 3S","Central","Texas","Dallas","1","88.11","30.84","Debit Card"
"ORD-10281","2024-02-24","CUST-1022","James Harris","Furniture","Bookshelf (5-Tier)","East","New York","New York City","1","119","12.13","Credit Card"
"ORD-10282","2024-11-16","CUST-1004","Mark Jones","Technology","USB-C Docking Station","West","Washington","Seattle","1","80","32","Net Banking"
"ORD-10283","2025-06-16","CUST-1007","Elizabeth Davis","Office Supplies","Heavy Duty Stapler","Central","Ohio","Cleveland","2","50","20","Credit Card"
"ORD-10284","2026-02-18","CUST-1008","Rachel Clark","Furniture","Wooden Writing Desk","West","California","San Diego","1","299","25.08","Debit Card"
"ORD-10285","2024-05-29","CUST-1022","James Harris","Office Supplies","Heavy Duty Stapler","West","California","San Diego","7","175","70","Credit Card"
"ORD-10286","2025-10-15","CUST-1019","Amanda Jones","Technology","Mechanical Keyboard","South","North Carolina","Charlotte","1","120","36","Credit Card"
"ORD-10287","2026-01-19","CUST-1062","Thomas Thomas","Technology","iPhone 15 Pro","East","New York","New York City","1","879.12","219.78","Net Banking"
"ORD-10288","2026-01-07","CUST-1007","Elizabeth Davis","Furniture","Ergonomic Office Chair","West","Oregon","Portland","1","221.61","23.29","Net Banking"
"ORD-10289","2024-07-09","CUST-1001","David Jackson","Technology","USB-C Docking Station","West","California","Los Angeles","1","80","32","Net Banking"
"ORD-10290","2025-01-06","CUST-1093","Rachel Wilson","Office Supplies","Ergonomic Footrest","Central","Texas","Houston","6","270","81","Net Banking"
"ORD-10291","2024-01-06","CUST-1009","Melissa Jackson","Office Supplies","Desktop File Organizer","South","Florida","Miami","1","20","10","Credit Card"
"ORD-10292","2024-06-14","CUST-1042","Courtney Perez","Technology","Dell XPS 13","East","Pennsylvania","Philadelphia","1","899.1","179.82","UPI"
"ORD-10293","2025-03-01","CUST-1004","Mark Jones","Technology","USB-C Docking Station","West","California","San Diego","1","80","32","Net Banking"
"ORD-10294","2026-02-27","CUST-1047","Rachel Thomas","Office Supplies","Desktop File Organizer","Central","Illinois","Chicago","6","105.6","52.8","Debit Card"
"ORD-10295","2024-02-24","CUST-1002","Mark Martin","Furniture","3-Drawer Mobile File Cabinet","East","Massachusetts","Boston","1","149","18.21","UPI"
"ORD-10296","2024-02-18","CUST-1003","Paul Lewis","Technology","Dell XPS 13","East","Massachusetts","Boston","1","999","199.8","UPI"
"ORD-10297","2025-06-05","CUST-1081","Amber Lewis","Office Supplies","Desktop File Organizer","West","Washington","Seattle","2","34.8","17.4","Net Banking"
"ORD-10298","2026-04-26","CUST-1001","David Jackson","Technology","USB-C Docking Station","Central","Texas","Austin","1","80","32","Cash on Delivery"
"ORD-10299","2026-05-05","CUST-1067","Rachel Hernandez","Technology","iPhone 15 Pro","West","California","San Francisco","1","999","249.75","Net Banking"
"ORD-10300","2026-03-10","CUST-1000","Stephanie Hernandez","Furniture","Electric Standing Desk","West","California","San Francisco","4","1596","143.49","Credit Card"
"ORD-10301","2024-07-25","CUST-1001","David Jackson","Furniture","Wooden Writing Desk","West","California","San Diego","1","299","30.4","Cash on Delivery"
"ORD-10302","2024-03-04","CUST-1084","David Perez","Technology","Samsung Galaxy S24","Central","Texas","Dallas","1","836.07","183.94","Cash on Delivery"
"ORD-10303","2024-01-24","CUST-1009","Melissa Jackson","Office Supplies","Gel Pen Pack (12 Qty)","South","North Carolina","Charlotte","5","53.4","32.04","Net Banking"
"ORD-10304","2026-04-03","CUST-1028","Nicole Martin","Office Supplies","Premium A4 Copy Paper","West","Oregon","Portland","7","105","52.5","Net Banking"
"ORD-10305","2025-06-05","CUST-1097","Rachel Ramirez","Technology","USB-C Docking Station","East","New York","Buffalo","1","80","32","Net Banking"
"ORD-10306","2024-08-30","CUST-1066","Matthew Sanchez","Office Supplies","Ergonomic Footrest","West","California","San Diego","2","90","27","UPI"
"ORD-10307","2026-03-20","CUST-1048","Daniel Robinson","Office Supplies","Desktop File Organizer","East","New York","Buffalo","1","17.4","8.7","Credit Card"
"ORD-10308","2025-03-05","CUST-1009","Melissa Jackson","Office Supplies","Gel Pen Pack (12 Qty)","East","Pennsylvania","Philadelphia","1","11.04","6.62","UPI"
"ORD-10309","2024-07-03","CUST-1021","David Lewis","Office Supplies","Premium A4 Copy Paper","East","New York","Buffalo","4","60","30","Debit Card"
"ORD-10310","2025-05-28","CUST-1025","Laura Lopez","Office Supplies","Premium A4 Copy Paper","West","Washington","Seattle","7","105","52.5","Net Banking"
"ORD-10311","2024-04-16","CUST-1000","Stephanie Hernandez","Office Supplies","Leather Binder Organizer","East","Massachusetts","Boston","8","280","126","Net Banking"
"ORD-10312","2024-08-29","CUST-1000","Stephanie Hernandez","Furniture","Bookshelf (5-Tier)","Central","Texas","Houston","1","119","14.28","Net Banking"
"ORD-10313","2025-05-05","CUST-1000","Stephanie Hernandez","Office Supplies","Dry Erase Whiteboard","West","Oregon","Portland","9","585","204.75","Net Banking"
"ORD-10314","2025-09-27","CUST-1020","Emily Harris","Technology","Dell XPS 13","South","Georgia","Atlanta","1","999","199.8","Cash on Delivery"
"ORD-10315","2026-01-07","CUST-1003","Paul Lewis","Technology","iPhone 15 Pro","East","New York","Buffalo","1","939.06","234.76","Net Banking"
"ORD-10316","2024-01-14","CUST-1009","Melissa Jackson","Office Supplies","Heavy Duty Stapler","Central","Texas","Austin","2","50","20","UPI"
"ORD-10317","2024-09-19","CUST-1084","David Perez","Technology","Mechanical Keyboard","South","Florida","Miami","1","112.8","33.84","Cash on Delivery"
"ORD-10318","2024-07-04","CUST-1049","James Thompson","Office Supplies","Heavy Duty Stapler","East","New York","New York City","2","50","20","Credit Card"
"ORD-10319","2024-08-28","CUST-1008","Rachel Clark","Office Supplies","Desktop File Organizer","West","California","San Francisco","1","18.4","9.2","Debit Card"
"ORD-10320","2025-07-23","CUST-1070","Amanda Robinson","Office Supplies","Desktop File Organizer","West","California","San Francisco","4","80","40","Credit Card"
"ORD-10321","2026-05-26","CUST-1000","Stephanie Hernandez","Office Supplies","Premium A4 Copy Paper","East","Pennsylvania","Philadelphia","1","15","7.5","UPI"
"ORD-10322","2024-09-04","CUST-1044","Matthew Gonzalez","Technology","Logitech MX Master 3S","East","Pennsylvania","Philadelphia","2","176.22","61.68","UPI"
"ORD-10323","2024-05-02","CUST-1012","Donald Jones","Office Supplies","Leather Binder Organizer","East","New York","Buffalo","1","35","15.75","Debit Card"
"ORD-10324","2024-06-25","CUST-1046","Amber Williams","Office Supplies","Leather Binder Organizer","West","California","Los Angeles","8","280","126","Cash on Delivery"
"ORD-10325","2026-05-01","CUST-1054","Elizabeth Anderson","Technology","Samsung Galaxy S24","West","Washington","Seattle","1","899","197.78","Credit Card"
"ORD-10326","2024-05-06","CUST-1072","Laura Wilson","Technology","USB-C Docking Station","West","California","San Francisco","2","160","64","Credit Card"
"ORD-10327","2025-04-02","CUST-1003","Paul Lewis","Furniture","Electric Standing Desk","East","Massachusetts","Boston","1","399","27.06","Debit Card"
"ORD-10328","2026-03-16","CUST-1005","Mark Clark","Technology","Logitech MX Master 3S","South","Georgia","Atlanta","3","297","103.95","Net Banking"
"ORD-10329","2025-06-30","CUST-1079","Laura Perez","Technology","USB-C Docking Station","West","California","San Francisco","2","150.4","60.16","Credit Card"
"ORD-10330","2024-04-30","CUST-1099","Paul Harris","Technology","Mechanical Keyboard","East","Pennsylvania","Philadelphia","1","120","36","Credit Card"
"ORD-10331","2025-05-25","CUST-1010","Steven Johnson","Furniture","3-Drawer Mobile File Cabinet","East","New York","Buffalo","4","596","79.79","UPI"
"ORD-10332","2024-06-24","CUST-1006","Ashley Garcia","Technology","Logitech MX Master 3S","East","New York","New York City","1","99","34.65","UPI"
"ORD-10333","2025-05-01","CUST-1064","Amanda Perez","Furniture","Wooden Writing Desk","Central","Illinois","Chicago","1","299","30.13","UPI"
"ORD-10334","2024-04-15","CUST-1011","Sarah Sanchez","Technology","Samsung Galaxy S24","West","California","San Diego","1","899","197.78","Credit Card"
"ORD-10335","2024-07-11","CUST-1071","Melissa Anderson","Furniture","Ergonomic Office Chair","East","Pennsylvania","Philadelphia","1","249","22.49","Credit Card"
"ORD-10336","2025-01-03","CUST-1009","Melissa Jackson","Office Supplies","Heavy Duty Stapler","East","New York","Buffalo","6","150","60","Credit Card"
"ORD-10337","2025-03-30","CUST-1036","Nicole Thomas","Office Supplies","Dry Erase Whiteboard","South","Florida","Miami","7","455","159.25","Cash on Delivery"
"ORD-10338","2025-07-31","CUST-1007","Elizabeth Davis","Furniture","3-Drawer Mobile File Cabinet","West","Oregon","Portland","2","256.28","37.81","Credit Card"
"ORD-10339","2024-09-24","CUST-1011","Sarah Sanchez","Office Supplies","Gel Pen Pack (12 Qty)","East","New York","Buffalo","10","120","72","UPI"
"ORD-10340","2024-12-26","CUST-1070","Amanda Robinson","Technology","Logitech MX Master 3S","Central","Texas","Dallas","3","276.21","96.67","Credit Card"
"ORD-10341","2025-03-12","CUST-1030","Jane Anderson","Technology","USB-C Docking Station","West","Oregon","Portland","1","80","32","UPI"
"ORD-10342","2025-09-04","CUST-1006","Ashley Garcia","Office Supplies","Desktop File Organizer","East","New York","Buffalo","6","120","60","Credit Card"
"ORD-10343","2026-05-10","CUST-1002","Mark Martin","Technology","Mechanical Keyboard","Central","Illinois","Chicago","1","120","36","Debit Card"
"ORD-10344","2024-03-19","CUST-1025","Laura Lopez","Office Supplies","Desktop File Organizer","East","New York","New York City","8","160","80","UPI"
"ORD-10345","2024-07-03","CUST-1003","Paul Lewis","Furniture","Bookshelf (5-Tier)","Central","Illinois","Chicago","4","428.4","52.97","Cash on Delivery"
"ORD-10346","2024-05-13","CUST-1063","Amber Martinez","Technology","iPhone 15 Pro","West","California","San Francisco","1","899.1","224.78","UPI"
"ORD-10347","2024-03-17","CUST-1009","Melissa Jackson","Furniture","Bookshelf (5-Tier)","East","Pennsylvania","Philadelphia","1","119","12.72","Debit Card"
"ORD-10348","2025-08-05","CUST-1088","Joseph Lee","Office Supplies","Ergonomic Footrest","East","Massachusetts","Boston","4","180","54","Net Banking"
"ORD-10349","2024-03-18","CUST-1011","Sarah Sanchez","Office Supplies","Dry Erase Whiteboard","East","New York","Buffalo","8","488.8","171.08","UPI"
"ORD-10350","2025-01-06","CUST-1036","Nicole Thomas","Technology","Logitech MX Master 3S","East","New York","New York City","1","99","34.65","Net Banking"
"ORD-10351","2024-07-11","CUST-1050","Jessica Brown","Furniture","Electric Standing Desk","West","Washington","Seattle","4","1452.36","108.95","Credit Card"
"ORD-10352","2024-07-31","CUST-1002","Mark Martin","Technology","Mechanical Keyboard","Central","Illinois","Chicago","1","120","36","Debit Card"
"ORD-10353","2024-01-15","CUST-1072","Laura Wilson","Furniture","Wooden Writing Desk","South","North Carolina","Charlotte","4","1196","123.7","Cash on Delivery"
"ORD-10354","2026-04-13","CUST-1047","Rachel Thomas","Furniture","Bookshelf (5-Tier)","East","New York","Buffalo","1","119","14.77","Cash on Delivery"
"ORD-10355","2024-10-09","CUST-1016","Amanda Jackson","Technology","iPhone 15 Pro","West","California","Los Angeles","1","929.07","232.27","Debit Card"
"ORD-10356","2024-11-18","CUST-1017","Michael Clark","Furniture","Electric Standing Desk","East","Pennsylvania","Philadelphia","1","399","26.37","Debit Card"
"ORD-10357","2026-04-14","CUST-1016","Amanda Jackson","Technology","Samsung Galaxy S24","West","Washington","Seattle","1","899","197.78","Cash on Delivery"
"ORD-10358","2025-05-01","CUST-1039","Nicole Harris","Office Supplies","Desktop File Organizer","Central","Ohio","Cleveland","2","40","20","UPI"
"ORD-10359","2025-06-19","CUST-1002","Mark Martin","Technology","Dell XPS 13","East","Massachusetts","Boston","1","939.06","187.81","Net Banking"
"ORD-10360","2025-12-05","CUST-1000","Stephanie Hernandez","Furniture","Electric Standing Desk","South","Florida","Orlando","1","399","30.33","Credit Card"
"ORD-10361","2024-10-17","CUST-1091","Charles Thompson","Furniture","Wooden Writing Desk","South","North Carolina","Charlotte","1","269.1","28.64","Cash on Delivery"
"ORD-10362","2024-09-18","CUST-1024","Michael Clark","Office Supplies","Dry Erase Whiteboard","West","California","Los Angeles","3","195","68.25","Debit Card"
"ORD-10363","2024-01-12","CUST-1019","Amanda Jones","Office Supplies","Leather Binder Organizer","Central","Illinois","Chicago","5","175","78.75","Debit Card"
"ORD-10364","2024-08-05","CUST-1038","Robert Gonzalez","Office Supplies","Premium A4 Copy Paper","East","Pennsylvania","Philadelphia","7","89.25","44.62","Debit Card"
"ORD-10365","2025-02-20","CUST-1001","David Jackson","Technology","USB-C Docking Station","Central","Texas","Austin","3","240","96","Net Banking"
"ORD-10366","2024-01-27","CUST-1032","Thomas Garcia","Furniture","Wooden Writing Desk","Central","Texas","Dallas","1","299","31.13","Net Banking"
"ORD-10367","2026-04-16","CUST-1017","Michael Clark","Furniture","Electric Standing Desk","East","New York","New York City","1","399","39.22","UPI"
"ORD-10368","2025-09-28","CUST-1091","Charles Thompson","Technology","Logitech MX Master 3S","East","New York","Buffalo","2","198","69.3","Net Banking"
"ORD-10369","2025-10-06","CUST-1001","David Jackson","Office Supplies","Leather Binder Organizer","West","California","Los Angeles","7","222.95","100.33","UPI"
"ORD-10370","2025-05-10","CUST-1003","Paul Lewis","Furniture","3-Drawer Mobile File Cabinet","West","Washington","Seattle","1","149","21.56","Net Banking"
"ORD-10371","2025-04-14","CUST-1060","Michael Jackson","Office Supplies","Heavy Duty Stapler","Central","Illinois","Chicago","1","23.5","9.4","Credit Card"
"ORD-10372","2024-04-15","CUST-1051","Amber Robinson","Technology","Mechanical Keyboard","West","Washington","Seattle","2","240","72","Debit Card"
"ORD-10373","2024-01-02","CUST-1006","Ashley Garcia","Technology","Samsung Galaxy S24","East","Massachusetts","Boston","1","773.14","170.09","Net Banking"
"ORD-10374","2025-05-05","CUST-1000","Stephanie Hernandez","Furniture","Electric Standing Desk","South","Florida","Miami","2","798","60.28","Credit Card"
"ORD-10375","2024-10-31","CUST-1007","Elizabeth Davis","Office Supplies","Premium A4 Copy Paper","East","Massachusetts","Boston","4","54","27","Cash on Delivery"
"ORD-10376","2024-10-09","CUST-1094","Thomas Sanchez","Technology","Logitech MX Master 3S","East","New York","Buffalo","1","99","34.65","Debit Card"
"ORD-10377","2025-04-14","CUST-1000","Stephanie Hernandez","Furniture","Bookshelf (5-Tier)","Central","Texas","Austin","1","107.1","11.41","Cash on Delivery"
"ORD-10378","2024-12-23","CUST-1000","Stephanie Hernandez","Furniture","Electric Standing Desk","East","New York","New York City","1","399","34.58","UPI"
"ORD-10379","2025-07-25","CUST-1034","Stephanie Johnson","Office Supplies","Premium A4 Copy Paper","South","North Carolina","Charlotte","7","105","52.5","UPI"
"ORD-10380","2025-12-26","CUST-1048","Daniel Robinson","Technology","Mechanical Keyboard","Central","Texas","Austin","2","240","72","Net Banking"
"ORD-10381","2024-05-08","CUST-1000","Stephanie Hernandez","Office Supplies","Leather Binder Organizer","East","Massachusetts","Boston","7","245","110.25","Credit Card"
"ORD-10382","2024-01-01","CUST-1060","Michael Jackson","Technology","MacBook Air M3","South","Florida","Miami","1","1099","307.72","Cash on Delivery"
"ORD-10383","2024-05-18","CUST-1015","Megan Miller","Furniture","Electric Standing Desk","West","California","Los Angeles","2","798","52.22","Debit Card"
"ORD-10384","2024-07-11","CUST-1073","Paul Johnson","Furniture","Electric Standing Desk","Central","Texas","Houston","2","798","50.55","Net Banking"
"ORD-10385","2026-01-06","CUST-1002","Mark Martin","Furniture","3-Drawer Mobile File Cabinet","East","New York","Buffalo","1","149","22.03","Credit Card"
"ORD-10386","2025-03-03","CUST-1007","Elizabeth Davis","Technology","Logitech MX Master 3S","West","California","San Francisco","3","297","103.95","Net Banking"
"ORD-10387","2025-03-05","CUST-1015","Megan Miller","Office Supplies","Dry Erase Whiteboard","West","California","San Diego","6","331.5","116.02","Net Banking"
"ORD-10388","2024-05-27","CUST-1001","David Jackson","Furniture","Wooden Writing Desk","East","Pennsylvania","Philadelphia","2","598","55.71","Debit Card"
"ORD-10389","2026-05-12","CUST-1081","Amber Lewis","Office Supplies","Heavy Duty Stapler","South","Georgia","Atlanta","7","175","70","UPI"
"ORD-10390","2025-08-23","CUST-1020","Emily Harris","Office Supplies","Gel Pen Pack (12 Qty)","South","Florida","Miami","3","36","21.6","UPI"
"ORD-10391","2026-05-26","CUST-1009","Melissa Jackson","Technology","Mechanical Keyboard","East","New York","New York City","1","103.2","30.96","Net Banking"
"ORD-10392","2024-09-15","CUST-1009","Melissa Jackson","Furniture","Bookshelf (5-Tier)","East","New York","New York City","1","119","12.7","Credit Card"
"ORD-10393","2024-08-28","CUST-1088","Joseph Lee","Furniture","Bookshelf (5-Tier)","Central","Ohio","Cleveland","2","238","33.27","Debit Card"
"ORD-10394","2025-05-09","CUST-1006","Ashley Garcia","Office Supplies","Dry Erase Whiteboard","South","Florida","Orlando","1","65","22.75","Credit Card"
"ORD-10395","2024-09-03","CUST-1092","Megan Davis","Technology","MacBook Air M3","South","Georgia","Atlanta","1","1099","307.72","Credit Card"
"ORD-10396","2025-04-27","CUST-1043","Sarah Gonzalez","Furniture","Electric Standing Desk","West","Washington","Seattle","1","351.12","26.87","Debit Card"
"ORD-10397","2025-07-04","CUST-1000","Stephanie Hernandez","Technology","Logitech MX Master 3S","West","California","San Francisco","2","198","69.3","Debit Card"
"ORD-10398","2024-01-29","CUST-1009","Melissa Jackson","Furniture","Electric Standing Desk","South","Georgia","Atlanta","1","399","37.91","Debit Card"
"ORD-10399","2024-05-10","CUST-1000","Stephanie Hernandez","Office Supplies","Heavy Duty Stapler","Central","Ohio","Cleveland","6","150","60","Credit Card"
"ORD-10400","2025-12-04","CUST-1098","Donald Gonzalez","Office Supplies","Premium A4 Copy Paper","West","California","Los Angeles","7","105","52.5","Debit Card"
"ORD-10401","2026-05-25","CUST-1010","Steven Johnson","Office Supplies","Leather Binder Organizer","West","California","San Francisco","9","289.8","130.41","Cash on Delivery"
"ORD-10402","2026-02-18","CUST-1005","Mark Clark","Office Supplies","Desktop File Organizer","South","Florida","Miami","9","180","90","UPI"
"ORD-10403","2025-03-14","CUST-1025","Laura Lopez","Technology","MacBook Air M3","South","Florida","Orlando","3","3297","923.16","Cash on Delivery"
"ORD-10404","2024-12-11","CUST-1014","Courtney Perez","Office Supplies","Dry Erase Whiteboard","South","Georgia","Atlanta","8","520","182","Cash on Delivery"
"ORD-10405","2024-01-03","CUST-1029","Thomas White","Technology","Mechanical Keyboard","West","Oregon","Portland","1","120","36","Debit Card"
"ORD-10406","2025-11-14","CUST-1000","Stephanie Hernandez","Technology","Mechanical Keyboard","West","California","San Diego","2","240","72","UPI"
"ORD-10407","2024-09-26","CUST-1013","Laura Gonzalez","Technology","Samsung Galaxy S24","East","New York","New York City","1","899","197.78","Cash on Delivery"
"ORD-10408","2025-10-31","CUST-1033","Jessica Clark","Office Supplies","Gel Pen Pack (12 Qty)","Central","Ohio","Cleveland","8","96","57.6","Debit Card"
"ORD-10409","2024-05-20","CUST-1007","Elizabeth Davis","Office Supplies","Leather Binder Organizer","East","New York","Buffalo","9","315","141.75","Credit Card"
"ORD-10410","2026-05-09","CUST-1058","Nicole Martinez","Technology","Dell XPS 13","West","Washington","Seattle","1","939.06","187.81","Debit Card"
"ORD-10411","2025-07-31","CUST-1025","Laura Lopez","Technology","iPhone 15 Pro","West","California","San Diego","1","999","249.75","Debit Card"
"ORD-10412","2024-08-27","CUST-1000","Stephanie Hernandez","Technology","Dell XPS 13","East","New York","Buffalo","1","929.07","185.81","Credit Card"
"ORD-10413","2025-02-07","CUST-1051","Amber Robinson","Office Supplies","Heavy Duty Stapler","West","California","San Diego","9","225","90","Cash on Delivery"
"ORD-10414","2024-06-30","CUST-1049","James Thompson","Office Supplies","Leather Binder Organizer","West","California","Los Angeles","1","35","15.75","Debit Card"
"ORD-10415","2025-05-01","CUST-1060","Michael Jackson","Furniture","3-Drawer Mobile File Cabinet","West","Washington","Seattle","1","149","22.26","Net Banking"
"ORD-10416","2025-01-01","CUST-1074","James Smith","Technology","Dell XPS 13","Central","Ohio","Cleveland","1","999","199.8","Credit Card"
"ORD-10417","2025-06-23","CUST-1009","Melissa Jackson","Technology","Dell XPS 13","Central","Texas","Dallas","2","1998","399.6","Debit Card"
"ORD-10418","2025-07-02","CUST-1000","Stephanie Hernandez","Office Supplies","Leather Binder Organizer","East","New York","New York City","5","175","78.75","Cash on Delivery"
"ORD-10419","2026-01-17","CUST-1027","Laura Thompson","Office Supplies","Gel Pen Pack (12 Qty)","West","Washington","Seattle","7","73.92","44.35","Cash on Delivery"
"ORD-10420","2025-03-27","CUST-1029","Thomas White","Furniture","LED Desk Lamp with Qi Charger","East","Pennsylvania","Philadelphia","1","49","11.15","Credit Card"
"ORD-10421","2025-10-11","CUST-1054","Elizabeth Anderson","Technology","USB-C Docking Station","East","New York","New York City","1","80","32","Debit Card"
"ORD-10422","2024-09-24","CUST-1000","Stephanie Hernandez","Office Supplies","Premium A4 Copy Paper","West","California","San Diego","5","71.25","35.62","Cash on Delivery"
"ORD-10423","2024-03-19","CUST-1028","Nicole Martin","Office Supplies","Ergonomic Footrest","East","Massachusetts","Boston","1","45","13.5","Cash on Delivery"
"ORD-10424","2026-04-01","CUST-1082","Mark Harris","Technology","MacBook Air M3","Central","Texas","Austin","1","1099","307.72","Credit Card"
"ORD-10425","2024-06-09","CUST-1099","Paul Harris","Office Supplies","Dry Erase Whiteboard","West","Oregon","Portland","6","390","136.5","Credit Card"
"ORD-10426","2024-05-27","CUST-1056","Jessica Clark","Furniture","3-Drawer Mobile File Cabinet","Central","Texas","Houston","1","149","17.99","Credit Card"
"ORD-10427","2024-09-25","CUST-1059","Sarah Thomas","Office Supplies","Premium A4 Copy Paper","South","Florida","Miami","3","45","22.5","Credit Card"
"ORD-10428","2025-05-28","CUST-1004","Mark Jones","Office Supplies","Dry Erase Whiteboard","East","Pennsylvania","Philadelphia","6","362.7","126.94","Debit Card"
"ORD-10429","2024-03-07","CUST-1082","Mark Harris","Technology","Mechanical Keyboard","East","Pennsylvania","Philadelphia","1","120","36","Credit Card"
"ORD-10430","2024-03-19","CUST-1000","Stephanie Hernandez","Furniture","Wooden Writing Desk","Central","Texas","Austin","2","598","55.94","Cash on Delivery"
"ORD-10431","2025-04-29","CUST-1026","Daniel Lee","Technology","MacBook Air M3","South","Georgia","Atlanta","1","1099","307.72","UPI"
"ORD-10432","2024-08-11","CUST-1000","Stephanie Hernandez","Technology","iPhone 15 Pro","South","Georgia","Atlanta","1","999","249.75","Cash on Delivery"
"ORD-10433","2024-05-25","CUST-1051","Amber Robinson","Technology","USB-C Docking Station","West","California","Los Angeles","1","80","32","Net Banking"
"ORD-10434","2025-01-02","CUST-1001","David Jackson","Furniture","LED Desk Lamp with Qi Charger","South","Florida","Orlando","1","49","10.95","Debit Card"
"ORD-10435","2026-02-03","CUST-1006","Ashley Garcia","Furniture","Wooden Writing Desk","Central","Texas","Houston","2","598","65.14","UPI"
"ORD-10436","2025-06-17","CUST-1004","Mark Jones","Furniture","3-Drawer Mobile File Cabinet","West","California","San Francisco","1","149","23.71","Credit Card"
"ORD-10437","2025-06-03","CUST-1011","Sarah Sanchez","Technology","Dell XPS 13","West","California","San Diego","1","999","199.8","Credit Card"
"ORD-10438","2025-05-12","CUST-1017","Michael Clark","Furniture","3-Drawer Mobile File Cabinet","East","Massachusetts","Boston","1","149","23.79","Credit Card"
"ORD-10439","2026-05-04","CUST-1001","David Jackson","Technology","MacBook Air M3","East","Pennsylvania","Philadelphia","1","1099","307.72","Cash on Delivery"
"ORD-10440","2024-06-07","CUST-1070","Amanda Robinson","Technology","Logitech MX Master 3S","East","Pennsylvania","Philadelphia","1","99","34.65","Net Banking"
"ORD-10441","2024-06-29","CUST-1005","Mark Clark","Office Supplies","Desktop File Organizer","West","California","San Francisco","3","60","30","UPI"
"ORD-10442","2026-02-14","CUST-1047","Rachel Thomas","Technology","Mechanical Keyboard","East","Massachusetts","Boston","2","240","72","Debit Card"
"ORD-10443","2025-05-31","CUST-1001","David Jackson","Office Supplies","Ergonomic Footrest","South","Florida","Orlando","1","45","13.5","Net Banking"
"ORD-10444","2026-03-30","CUST-1000","Stephanie Hernandez","Technology","iPhone 15 Pro","West","Washington","Seattle","1","999","249.75","UPI"
"ORD-10445","2025-10-31","CUST-1002","Mark Martin","Technology","Mechanical Keyboard","West","California","San Diego","1","120","36","Debit Card"
"ORD-10446","2024-04-07","CUST-1001","David Jackson","Office Supplies","Desktop File Organizer","East","Massachusetts","Boston","3","60","30","UPI"
"ORD-10447","2024-06-01","CUST-1006","Ashley Garcia","Office Supplies","Heavy Duty Stapler","Central","Texas","Houston","8","200","80","Debit Card"
"ORD-10448","2024-09-14","CUST-1088","Joseph Lee","Furniture","3-Drawer Mobile File Cabinet","West","California","San Diego","1","128.14","17.7","Net Banking"
"ORD-10449","2024-01-05","CUST-1046","Amber Williams","Office Supplies","Dry Erase Whiteboard","Central","Texas","Houston","5","325","113.75","Cash on Delivery"
"ORD-10450","2025-01-11","CUST-1003","Paul Lewis","Technology","Samsung Galaxy S24","West","Oregon","Portland","1","899","197.78","Credit Card"
"ORD-10451","2025-09-16","CUST-1000","Stephanie Hernandez","Technology","Logitech MX Master 3S","Central","Texas","Houston","1","84.15","29.45","Credit Card"
"ORD-10452","2026-01-07","CUST-1015","Megan Miller","Technology","Mechanical Keyboard","East","New York","New York City","1","120","36","Cash on Delivery"
"ORD-10453","2025-01-18","CUST-1015","Megan Miller","Technology","Samsung Galaxy S24","West","Oregon","Portland","1","899","197.78","Credit Card"
"ORD-10454","2024-03-16","CUST-1000","Stephanie Hernandez","Office Supplies","Ergonomic Footrest","Central","Texas","Austin","2","90","27","Credit Card"
"ORD-10455","2024-10-09","CUST-1062","Thomas Thomas","Furniture","3-Drawer Mobile File Cabinet","East","New York","New York City","1","149","18.3","Cash on Delivery"
"ORD-10456","2024-12-12","CUST-1087","Charles Rodriguez","Technology","iPhone 15 Pro","East","New York","Buffalo","1","939.06","234.76","Debit Card"
"ORD-10457","2024-02-24","CUST-1014","Courtney Perez","Technology","iPhone 15 Pro","East","New York","New York City","2","1758.24","439.56","Cash on Delivery"
"ORD-10458","2025-11-18","CUST-1091","Charles Thompson","Technology","Samsung Galaxy S24","West","Oregon","Portland","1","899","197.78","Cash on Delivery"
"ORD-10459","2024-02-19","CUST-1061","Joseph Ramirez","Technology","Mechanical Keyboard","South","Georgia","Atlanta","1","111.6","33.48","Debit Card"
"ORD-10460","2026-04-11","CUST-1020","Emily Harris","Office Supplies","Leather Binder Organizer","East","Pennsylvania","Philadelphia","3","105","47.25","Cash on Delivery"
"ORD-10461","2024-03-01","CUST-1009","Melissa Jackson","Technology","Dell XPS 13","West","Washington","Seattle","2","1998","399.6","UPI"
"ORD-10462","2026-03-21","CUST-1038","Robert Gonzalez","Office Supplies","Dry Erase Whiteboard","West","California","San Diego","10","650","227.5","Debit Card"
"ORD-10463","2025-09-30","CUST-1001","David Jackson","Furniture","Bookshelf (5-Tier)","West","Washington","Seattle","1","119","16.1","UPI"
"ORD-10464","2024-06-25","CUST-1078","Amber Garcia","Office Supplies","Premium A4 Copy Paper","East","Pennsylvania","Philadelphia","9","135","67.5","Debit Card"
"ORD-10465","2026-04-10","CUST-1018","Jessica Martin","Technology","Dell XPS 13","East","New York","Buffalo","1","999","199.8","UPI"
"ORD-10466","2024-06-04","CUST-1047","Rachel Thomas","Furniture","Ergonomic Office Chair","East","New York","New York City","2","453.18","55.24","Credit Card"
"ORD-10467","2025-06-25","CUST-1001","David Jackson","Furniture","3-Drawer Mobile File Cabinet","Central","Texas","Austin","1","149","18.67","Debit Card"
"ORD-10468","2025-03-09","CUST-1047","Rachel Thomas","Office Supplies","Leather Binder Organizer","South","Florida","Miami","6","210","94.5","Debit Card"
"ORD-10469","2025-04-15","CUST-1080","Thomas Hernandez","Furniture","3-Drawer Mobile File Cabinet","West","California","Los Angeles","1","149","22.3","Credit Card"
"ORD-10470","2024-07-07","CUST-1000","Stephanie Hernandez","Technology","USB-C Docking Station","South","Florida","Orlando","1","71.2","28.48","Net Banking"
"ORD-10471","2025-02-14","CUST-1000","Stephanie Hernandez","Technology","Mechanical Keyboard","West","Washington","Seattle","2","240","72","UPI"
"ORD-10472","2025-01-20","CUST-1002","Mark Martin","Technology","MacBook Air M3","West","California","San Diego","2","1978.2","553.9","Credit Card"
"ORD-10473","2026-03-30","CUST-1029","Thomas White","Furniture","Wooden Writing Desk","West","California","San Francisco","1","299","29.18","Credit Card"
"ORD-10474","2024-06-15","CUST-1000","Stephanie Hernandez","Furniture","3-Drawer Mobile File Cabinet","West","Oregon","Portland","1","149","20.54","UPI"
"ORD-10475","2025-04-15","CUST-1016","Amanda Jackson","Office Supplies","Desktop File Organizer","Central","Texas","Dallas","8","144","72","Cash on Delivery"
"ORD-10476","2026-01-26","CUST-1051","Amber Robinson","Technology","Mechanical Keyboard","West","California","Los Angeles","1","120","36","Credit Card"
"ORD-10477","2024-09-07","CUST-1005","Mark Clark","Furniture","Wooden Writing Desk","East","Pennsylvania","Philadelphia","2","598","63.91","Debit Card"
"ORD-10478","2024-01-06","CUST-1023","Joseph Sanchez","Technology","Mechanical Keyboard","East","New York","Buffalo","1","120","36","Net Banking"
"ORD-10479","2025-09-07","CUST-1071","Melissa Anderson","Office Supplies","Gel Pen Pack (12 Qty)","East","Pennsylvania","Philadelphia","10","120","72","Credit Card"
"ORD-10480","2024-07-13","CUST-1020","Emily Harris","Office Supplies","Desktop File Organizer","West","California","San Diego","10","200","100","UPI"
"ORD-10481","2026-05-30","CUST-1003","Paul Lewis","Technology","USB-C Docking Station","Central","Texas","Austin","1","80","32","Cash on Delivery"
"ORD-10482","2024-01-29","CUST-1021","David Lewis","Furniture","Bookshelf (5-Tier)","West","California","Los Angeles","1","119","13.82","UPI"
"ORD-10483","2026-04-17","CUST-1000","Stephanie Hernandez","Office Supplies","Premium A4 Copy Paper","East","New York","New York City","7","93.45","46.72","UPI"
"ORD-10484","2025-03-09","CUST-1063","Amber Martinez","Furniture","Wooden Writing Desk","East","New York","Buffalo","4","1196","118.66","Credit Card"
"ORD-10485","2025-10-12","CUST-1065","Melissa Thompson","Furniture","Ergonomic Office Chair","East","Pennsylvania","Philadelphia","2","498","63.68","Credit Card"
"ORD-10486","2025-05-17","CUST-1069","Sarah Williams","Technology","MacBook Air M3","Central","Texas","Dallas","1","956.13","267.72","Cash on Delivery"
"ORD-10487","2024-02-29","CUST-1048","Daniel Robinson","Office Supplies","Dry Erase Whiteboard","West","California","Los Angeles","4","260","91","Cash on Delivery"
"ORD-10488","2024-06-19","CUST-1000","Stephanie Hernandez","Technology","iPhone 15 Pro","Central","Ohio","Cleveland","1","999","249.75","UPI"
"ORD-10489","2025-07-04","CUST-1008","Rachel Clark","Office Supplies","Ergonomic Footrest","South","Florida","Miami","6","237.6","71.28","Cash on Delivery"
"ORD-10490","2024-02-07","CUST-1002","Mark Martin","Furniture","Ergonomic Office Chair","Central","Texas","Houston","1","249","31.65","Cash on Delivery"
"ORD-10491","2026-02-20","CUST-1053","Steven Harris","Technology","Mechanical Keyboard","South","Georgia","Atlanta","1","120","36","Cash on Delivery"
"ORD-10492","2024-08-02","CUST-1083","Stephanie Lee","Furniture","Wooden Writing Desk","South","Georgia","Atlanta","1","299","30.95","UPI"
"ORD-10493","2025-12-08","CUST-1030","Jane Anderson","Technology","Mechanical Keyboard","East","New York","Buffalo","2","240","72","Cash on Delivery"
"ORD-10494","2024-04-29","CUST-1075","David Thompson","Furniture","LED Desk Lamp with Qi Charger","East","Massachusetts","Boston","1","43.12","9.6","Cash on Delivery"
"ORD-10495","2025-01-19","CUST-1077","Robert Sanchez","Furniture","Wooden Writing Desk","East","New York","Buffalo","1","299","35.25","Credit Card"
"ORD-10496","2024-12-13","CUST-1001","David Jackson","Technology","Logitech MX Master 3S","Central","Texas","Dallas","1","99","34.65","Net Banking"
"ORD-10497","2024-10-05","CUST-1000","Stephanie Hernandez","Technology","Logitech MX Master 3S","South","Florida","Miami","1","99","34.65","UPI"
"ORD-10498","2025-02-26","CUST-1017","Michael Clark","Furniture","3-Drawer Mobile File Cabinet","West","California","San Diego","1","149","23.34","UPI"
"ORD-10499","2024-09-17","CUST-1007","Elizabeth Davis","Office Supplies","Desktop File Organizer","East","Pennsylvania","Philadelphia","4","80","40","UPI"
"ORD-10500","2024-03-09","CUST-1041","Jane Perez","Technology","Dell XPS 13","East","Pennsylvania","Philadelphia","1","999","199.8","Debit Card"
"ORD-10501","2024-05-02","CUST-1000","Stephanie Hernandez","Technology","MacBook Air M3","Central","Texas","Dallas","2","1912.26","535.43","Credit Card"
"ORD-10502","2025-05-26","CUST-1001","David Jackson","Office Supplies","Premium A4 Copy Paper","West","Oregon","Portland","8","120","60","Debit Card"
"ORD-10503","2024-12-16","CUST-1000","Stephanie Hernandez","Furniture","Bookshelf (5-Tier)","West","California","San Francisco","2","238","32.16","Credit Card"
"ORD-10504","2024-08-20","CUST-1064","Amanda Perez","Furniture","LED Desk Lamp with Qi Charger","West","California","San Diego","1","44.1","9.36","UPI"
"ORD-10505","2025-01-18","CUST-1000","Stephanie Hernandez","Office Supplies","Gel Pen Pack (12 Qty)","West","Washington","Seattle","4","48","28.8","Cash on Delivery"
"ORD-10506","2024-07-24","CUST-1033","Jessica Clark","Office Supplies","Premium A4 Copy Paper","West","Washington","Seattle","5","75","37.5","Cash on Delivery"
"ORD-10507","2025-12-11","CUST-1000","Stephanie Hernandez","Technology","Samsung Galaxy S24","Central","Ohio","Cleveland","1","899","197.78","Credit Card"
"ORD-10508","2024-03-23","CUST-1000","Stephanie Hernandez","Office Supplies","Gel Pen Pack (12 Qty)","West","Oregon","Portland","3","36","21.6","Net Banking"
"ORD-10509","2024-11-02","CUST-1000","Stephanie Hernandez","Office Supplies","Premium A4 Copy Paper","East","Pennsylvania","Philadelphia","4","60","30","Credit Card"
"ORD-10510","2025-06-03","CUST-1081","Amber Lewis","Technology","iPhone 15 Pro","West","Washington","Seattle","1","999","249.75","Cash on Delivery"
"ORD-10511","2024-01-06","CUST-1008","Rachel Clark","Technology","Logitech MX Master 3S","East","Massachusetts","Boston","1","99","34.65","UPI"
"ORD-10512","2025-02-16","CUST-1057","Elizabeth Miller","Technology","iPhone 15 Pro","West","Oregon","Portland","1","999","249.75","Cash on Delivery"
"ORD-10513","2025-05-18","CUST-1000","Stephanie Hernandez","Technology","Logitech MX Master 3S","East","New York","New York City","1","99","34.65","UPI"
"ORD-10514","2025-11-08","CUST-1050","Jessica Brown","Office Supplies","Leather Binder Organizer","East","Massachusetts","Boston","4","140","63","UPI"
"ORD-10515","2025-09-22","CUST-1059","Sarah Thomas","Technology","Logitech MX Master 3S","East","New York","New York City","1","99","34.65","Cash on Delivery"
"ORD-10516","2024-10-31","CUST-1015","Megan Miller","Office Supplies","Gel Pen Pack (12 Qty)","West","Oregon","Portland","7","84","50.4","UPI"
"ORD-10517","2025-03-06","CUST-1087","Charles Rodriguez","Technology","iPhone 15 Pro","South","North Carolina","Charlotte","2","1998","499.5","Net Banking"
"ORD-10518","2024-08-27","CUST-1007","Elizabeth Davis","Furniture","Wooden Writing Desk","East","New York","New York City","1","299","26.36","Credit Card"
"ORD-10519","2026-01-14","CUST-1085","Matthew Hernandez","Office Supplies","Leather Binder Organizer","South","Georgia","Atlanta","3","97.65","43.94","Debit Card"
"ORD-10520","2025-08-27","CUST-1041","Jane Perez","Technology","Mechanical Keyboard","West","California","San Francisco","2","240","72","UPI"
"ORD-10521","2025-01-25","CUST-1026","Daniel Lee","Furniture","Ergonomic Office Chair","East","Pennsylvania","Philadelphia","1","249","32.08","Debit Card"
"ORD-10522","2025-01-26","CUST-1008","Rachel Clark","Technology","iPhone 15 Pro","East","New York","Buffalo","1","999","249.75","Debit Card"
"ORD-10523","2025-10-02","CUST-1074","James Smith","Technology","MacBook Air M3","East","Pennsylvania","Philadelphia","2","1934.24","541.59","Net Banking"
"ORD-10524","2025-06-21","CUST-1001","David Jackson","Furniture","LED Desk Lamp with Qi Charger","South","North Carolina","Charlotte","1","42.63","8.16","Cash on Delivery"
"ORD-10525","2026-03-31","CUST-1036","Nicole Thomas","Office Supplies","Premium A4 Copy Paper","East","Pennsylvania","Philadelphia","9","135","67.5","Credit Card"
"ORD-10526","2026-01-13","CUST-1048","Daniel Robinson","Technology","Dell XPS 13","Central","Texas","Austin","2","1998","399.6","Cash on Delivery"
"ORD-10527","2025-04-23","CUST-1013","Laura Gonzalez","Technology","iPhone 15 Pro","South","North Carolina","Charlotte","2","1998","499.5","Cash on Delivery"
"ORD-10528","2025-03-14","CUST-1060","Michael Jackson","Office Supplies","Gel Pen Pack (12 Qty)","West","California","San Francisco","1","12","7.2","UPI"
"ORD-10529","2025-04-05","CUST-1017","Michael Clark","Technology","Dell XPS 13","South","North Carolina","Charlotte","1","999","199.8","Cash on Delivery"
"ORD-10530","2024-09-24","CUST-1011","Sarah Sanchez","Furniture","3-Drawer Mobile File Cabinet","South","Florida","Miami","1","149","19.64","UPI"
"ORD-10531","2025-08-20","CUST-1081","Amber Lewis","Office Supplies","Heavy Duty Stapler","East","New York","New York City","2","47","18.8","UPI"
"ORD-10532","2026-04-01","CUST-1013","Laura Gonzalez","Furniture","Ergonomic Office Chair","West","California","Los Angeles","1","249","27.11","Cash on Delivery"
"ORD-10533","2026-04-27","CUST-1032","Thomas Garcia","Technology","Logitech MX Master 3S","East","Pennsylvania","Philadelphia","1","99","34.65","Net Banking"
"ORD-10534","2025-01-21","CUST-1012","Donald Jones","Office Supplies","Leather Binder Organizer","East","Massachusetts","Boston","5","175","78.75","Cash on Delivery"
"ORD-10535","2025-11-02","CUST-1068","Elizabeth Lopez","Technology","Mechanical Keyboard","Central","Illinois","Chicago","3","360","108","Cash on Delivery"
"ORD-10536","2024-11-13","CUST-1010","Steven Johnson","Office Supplies","Ergonomic Footrest","West","California","Los Angeles","7","315","94.5","Net Banking"
"ORD-10537","2025-06-13","CUST-1034","Stephanie Johnson","Furniture","Ergonomic Office Chair","East","Pennsylvania","Philadelphia","4","876.48","89.97","Credit Card"
"ORD-10538","2024-05-24","CUST-1067","Rachel Hernandez","Furniture","Electric Standing Desk","East","Pennsylvania","Philadelphia","4","1596","147.73","Debit Card"
"ORD-10539","2025-09-15","CUST-1049","James Thompson","Office Supplies","Heavy Duty Stapler","East","New York","Buffalo","3","65.25","26.1","Net Banking"
"ORD-10540","2025-11-25","CUST-1017","Michael Clark","Technology","Logitech MX Master 3S","Central","Texas","Austin","1","88.11","30.84","Credit Card"
"ORD-10541","2025-09-15","CUST-1001","David Jackson","Furniture","Electric Standing Desk","Central","Texas","Houston","1","399","36.51","Cash on Delivery"
"ORD-10542","2024-09-10","CUST-1063","Amber Martinez","Technology","MacBook Air M3","West","Washington","Seattle","1","1099","307.72","Credit Card"
"ORD-10543","2025-12-29","CUST-1016","Amanda Jackson","Office Supplies","Heavy Duty Stapler","West","California","Los Angeles","8","200","80","Cash on Delivery"
"ORD-10544","2024-05-17","CUST-1023","Joseph Sanchez","Office Supplies","Dry Erase Whiteboard","West","Oregon","Portland","10","650","227.5","Cash on Delivery"
"ORD-10545","2026-03-25","CUST-1000","Stephanie Hernandez","Office Supplies","Desktop File Organizer","East","Pennsylvania","Philadelphia","8","150.4","75.2","Cash on Delivery"
"ORD-10546","2024-12-21","CUST-1002","Mark Martin","Technology","MacBook Air M3","West","California","San Diego","1","1099","307.72","Debit Card"
"ORD-10547","2025-02-12","CUST-1073","Paul Johnson","Technology","MacBook Air M3","South","North Carolina","Charlotte","1","1099","307.72","Debit Card"
"ORD-10548","2024-12-25","CUST-1017","Michael Clark","Office Supplies","Premium A4 Copy Paper","West","California","Los Angeles","1","12.9","6.45","Net Banking"
"ORD-10549","2024-01-25","CUST-1095","Amanda Thomas","Furniture","3-Drawer Mobile File Cabinet","South","Florida","Orlando","1","149","21.76","Debit Card"
"ORD-10550","2026-05-04","CUST-1082","Mark Harris","Technology","Mechanical Keyboard","West","California","Los Angeles","2","240","72","Net Banking"
"ORD-10551","2026-04-13","CUST-1020","Emily Harris","Office Supplies","Premium A4 Copy Paper","Central","Texas","Houston","5","75","37.5","Debit Card"
"ORD-10552","2024-05-03","CUST-1016","Amanda Jackson","Furniture","Bookshelf (5-Tier)","East","Pennsylvania","Philadelphia","1","119","13.22","Cash on Delivery"
"ORD-10553","2024-03-12","CUST-1034","Stephanie Johnson","Office Supplies","Desktop File Organizer","East","Massachusetts","Boston","2","40","20","UPI"
"ORD-10554","2024-08-14","CUST-1001","David Jackson","Technology","Mechanical Keyboard","Central","Illinois","Chicago","2","225.6","67.68","Debit Card"
"ORD-10555","2025-06-12","CUST-1064","Amanda Perez","Technology","iPhone 15 Pro","West","Washington","Seattle","1","999","249.75","Credit Card"
"ORD-10556","2024-03-04","CUST-1021","David Lewis","Technology","Dell XPS 13","West","Oregon","Portland","1","929.07","185.81","Credit Card"
"ORD-10557","2026-04-25","CUST-1096","Matthew Jones","Technology","USB-C Docking Station","East","New York","New York City","1","80","32","Credit Card"
"ORD-10558","2026-02-20","CUST-1083","Stephanie Lee","Technology","USB-C Docking Station","West","California","San Diego","1","80","32","Cash on Delivery"
"ORD-10559","2024-04-27","CUST-1029","Thomas White","Technology","Dell XPS 13","East","New York","Buffalo","1","999","199.8","Cash on Delivery"
"ORD-10560","2024-02-05","CUST-1010","Steven Johnson","Office Supplies","Dry Erase Whiteboard","West","Washington","Seattle","2","110.5","38.67","UPI"
"ORD-10561","2025-06-18","CUST-1003","Paul Lewis","Furniture","Electric Standing Desk","East","Massachusetts","Boston","1","399","36.44","Cash on Delivery"
"ORD-10562","2024-06-13","CUST-1000","Stephanie Hernandez","Office Supplies","Premium A4 Copy Paper","South","Florida","Orlando","5","75","37.5","Cash on Delivery"
"ORD-10563","2024-11-04","CUST-1011","Sarah Sanchez","Office Supplies","Leather Binder Organizer","East","New York","New York City","1","31.15","14.02","Credit Card"
"ORD-10564","2024-04-07","CUST-1019","Amanda Jones","Furniture","Wooden Writing Desk","East","Pennsylvania","Philadelphia","1","260.13","24.11","Debit Card"
"ORD-10565","2024-08-18","CUST-1045","James Jackson","Technology","iPhone 15 Pro","West","California","San Francisco","1","999","249.75","Net Banking"
"ORD-10566","2024-09-25","CUST-1040","Ashley Davis","Technology","iPhone 15 Pro","West","California","San Francisco","1","929.07","232.27","Credit Card"
"ORD-10567","2024-06-18","CUST-1000","Stephanie Hernandez","Technology","USB-C Docking Station","East","New York","Buffalo","2","160","64","Debit Card"
"ORD-10568","2024-12-22","CUST-1072","Laura Wilson","Technology","Logitech MX Master 3S","Central","Texas","Houston","1","99","34.65","UPI"
"ORD-10569","2024-01-28","CUST-1033","Jessica Clark","Technology","USB-C Docking Station","South","North Carolina","Charlotte","1","80","32","Credit Card"
"ORD-10570","2024-11-12","CUST-1044","Matthew Gonzalez","Furniture","Wooden Writing Desk","East","Pennsylvania","Philadelphia","1","299","33.63","Net Banking"
"ORD-10571","2025-06-09","CUST-1000","Stephanie Hernandez","Technology","iPhone 15 Pro","West","California","San Francisco","1","999","249.75","Cash on Delivery"
"ORD-10572","2024-08-25","CUST-1061","Joseph Ramirez","Office Supplies","Premium A4 Copy Paper","West","Oregon","Portland","3","45","22.5","Cash on Delivery"
"ORD-10573","2025-06-04","CUST-1016","Amanda Jackson","Technology","MacBook Air M3","South","Florida","Miami","1","1099","307.72","Credit Card"
"ORD-10574","2024-09-25","CUST-1004","Mark Jones","Office Supplies","Leather Binder Organizer","West","Washington","Seattle","6","191.1","86","Credit Card"
"ORD-10575","2025-03-07","CUST-1097","Rachel Ramirez","Technology","Dell XPS 13","West","California","San Diego","1","999","199.8","Debit Card"
"ORD-10576","2025-08-19","CUST-1017","Michael Clark","Office Supplies","Premium A4 Copy Paper","East","New York","Buffalo","7","105","52.5","Debit Card"
"ORD-10577","2024-02-15","CUST-1007","Elizabeth Davis","Technology","USB-C Docking Station","West","California","San Francisco","1","80","32","Debit Card"
"ORD-10578","2026-05-28","CUST-1013","Laura Gonzalez","Office Supplies","Desktop File Organizer","South","North Carolina","Charlotte","8","160","80","Debit Card"
"ORD-10579","2025-04-01","CUST-1099","Paul Harris","Technology","iPhone 15 Pro","West","California","Los Angeles","1","929.07","232.27","Credit Card"
"ORD-10580","2024-12-22","CUST-1001","David Jackson","Technology","iPhone 15 Pro","East","New York","Buffalo","1","999","249.75","Credit Card"
"ORD-10581","2024-02-10","CUST-1001","David Jackson","Office Supplies","Dry Erase Whiteboard","East","New York","Buffalo","10","650","227.5","Debit Card"
"ORD-10582","2025-05-18","CUST-1002","Mark Martin","Office Supplies","Leather Binder Organizer","East","Pennsylvania","Philadelphia","4","140","63","Cash on Delivery"
"ORD-10583","2024-01-22","CUST-1063","Amber Martinez","Office Supplies","Heavy Duty Stapler","East","Pennsylvania","Philadelphia","2","50","20","Credit Card"
"ORD-10584","2024-09-01","CUST-1082","Mark Harris","Technology","Dell XPS 13","Central","Texas","Austin","2","1998","399.6","Cash on Delivery"
"ORD-10585","2024-01-02","CUST-1013","Laura Gonzalez","Technology","Mechanical Keyboard","East","New York","Buffalo","1","120","36","Net Banking"
"ORD-10586","2025-05-27","CUST-1004","Mark Jones","Technology","USB-C Docking Station","Central","Texas","Dallas","1","80","32","Debit Card"
"ORD-10587","2025-09-24","CUST-1000","Stephanie Hernandez","Technology","Samsung Galaxy S24","East","Massachusetts","Boston","1","827.08","181.96","Debit Card"
"ORD-10588","2026-01-05","CUST-1086","William Lewis","Technology","Logitech MX Master 3S","West","California","San Francisco","1","99","34.65","UPI"
"ORD-10589","2026-03-29","CUST-1065","Melissa Thompson","Furniture","Ergonomic Office Chair","East","New York","New York City","1","249","31.4","Credit Card"
"ORD-10590","2025-03-05","CUST-1085","Matthew Hernandez","Technology","Mechanical Keyboard","East","Massachusetts","Boston","1","111.6","33.48","Debit Card"
"ORD-10591","2025-05-23","CUST-1016","Amanda Jackson","Furniture","Ergonomic Office Chair","East","Massachusetts","Boston","1","249","24.09","Credit Card"
"ORD-10592","2024-06-09","CUST-1012","Donald Jones","Furniture","Electric Standing Desk","South","Georgia","Atlanta","4","1596","117.14","Cash on Delivery"
"ORD-10593","2024-03-12","CUST-1004","Mark Jones","Office Supplies","Leather Binder Organizer","West","California","San Diego","6","210","94.5","Debit Card"
"ORD-10594","2024-07-25","CUST-1002","Mark Martin","Furniture","Electric Standing Desk","East","New York","New York City","4","1388.52","106.72","Credit Card"
"ORD-10595","2024-08-18","CUST-1003","Paul Lewis","Furniture","LED Desk Lamp with Qi Charger","West","California","San Francisco","2","98","20","Credit Card"
"ORD-10596","2026-05-19","CUST-1037","Megan Hernandez","Office Supplies","Premium A4 Copy Paper","Central","Texas","Houston","5","75","37.5","Net Banking"
"ORD-10597","2025-04-03","CUST-1041","Jane Perez","Technology","MacBook Air M3","West","Washington","Seattle","1","1099","307.72","Debit Card"
"ORD-10598","2025-11-23","CUST-1008","Rachel Clark","Technology","Samsung Galaxy S24","West","California","San Diego","1","899","197.78","UPI"
"ORD-10599","2025-01-05","CUST-1024","Michael Clark","Office Supplies","Leather Binder Organizer","West","California","San Diego","2","70","31.5","Cash on Delivery"
"ORD-10600","2025-11-12","CUST-1000","Stephanie Hernandez","Technology","MacBook Air M3","South","North Carolina","Charlotte","1","956.13","267.72","UPI"
"ORD-10601","2026-04-05","CUST-1009","Melissa Jackson","Technology","Logitech MX Master 3S","South","Florida","Miami","1","99","34.65","UPI"
"ORD-10602","2024-09-06","CUST-1051","Amber Robinson","Office Supplies","Leather Binder Organizer","Central","Illinois","Chicago","4","140","63","Credit Card"
"ORD-10603","2025-01-29","CUST-1096","Matthew Jones","Technology","Mechanical Keyboard","West","Oregon","Portland","1","112.8","33.84","Cash on Delivery"
"ORD-10604","2025-09-20","CUST-1005","Mark Clark","Furniture","LED Desk Lamp with Qi Charger","East","Pennsylvania","Philadelphia","1","49","10.03","Net Banking"
"ORD-10605","2024-03-13","CUST-1091","Charles Thompson","Office Supplies","Premium A4 Copy Paper","West","Oregon","Portland","5","70.5","35.25","Debit Card"
"ORD-10606","2026-02-06","CUST-1007","Elizabeth Davis","Technology","Logitech MX Master 3S","East","Pennsylvania","Philadelphia","1","99","34.65","UPI"
"ORD-10607","2025-08-06","CUST-1000","Stephanie Hernandez","Furniture","Wooden Writing Desk","West","California","San Diego","2","598","62","Credit Card"
"ORD-10608","2024-01-10","CUST-1048","Daniel Robinson","Office Supplies","Gel Pen Pack (12 Qty)","East","Massachusetts","Boston","8","96","57.6","Debit Card"
"ORD-10609","2024-02-28","CUST-1058","Nicole Martinez","Technology","Dell XPS 13","West","California","San Diego","1","909.09","181.82","Credit Card"
"ORD-10610","2024-04-09","CUST-1070","Amanda Robinson","Office Supplies","Dry Erase Whiteboard","South","Florida","Orlando","5","325","113.75","Net Banking"
"ORD-10611","2024-09-21","CUST-1014","Courtney Perez","Technology","USB-C Docking Station","West","California","Los Angeles","1","80","32","UPI"
"ORD-10612","2026-04-25","CUST-1000","Stephanie Hernandez","Office Supplies","Heavy Duty Stapler","East","New York","Buffalo","8","200","80","Debit Card"
"ORD-10613","2024-07-24","CUST-1005","Mark Clark","Office Supplies","Premium A4 Copy Paper","East","Pennsylvania","Philadelphia","1","15","7.5","Credit Card"
"ORD-10614","2024-06-09","CUST-1034","Stephanie Johnson","Technology","Dell XPS 13","South","Florida","Miami","1","939.06","187.81","Credit Card"
"ORD-10615","2024-06-05","CUST-1046","Amber Williams","Office Supplies","Premium A4 Copy Paper","West","Oregon","Portland","7","98.7","49.35","Net Banking"
"ORD-10616","2024-11-30","CUST-1044","Matthew Gonzalez","Technology","MacBook Air M3","West","Oregon","Portland","1","1099","307.72","Debit Card"
"ORD-10617","2025-11-11","CUST-1018","Jessica Martin","Technology","iPhone 15 Pro","East","New York","Buffalo","1","859.14","214.78","Cash on Delivery"
"ORD-10618","2024-05-14","CUST-1032","Thomas Garcia","Furniture","Ergonomic Office Chair","West","California","San Diego","1","249","23.4","Net Banking"
"ORD-10619","2024-01-09","CUST-1006","Ashley Garcia","Furniture","3-Drawer Mobile File Cabinet","South","Georgia","Atlanta","1","149","19.66","UPI"
"ORD-10620","2024-07-31","CUST-1000","Stephanie Hernandez","Furniture","3-Drawer Mobile File Cabinet","West","Washington","Seattle","2","298","42.65","Credit Card"
"ORD-10621","2024-01-23","CUST-1014","Courtney Perez","Furniture","Ergonomic Office Chair","West","California","San Francisco","1","249","25.69","Net Banking"
"ORD-10622","2024-09-24","CUST-1010","Steven Johnson","Furniture","LED Desk Lamp with Qi Charger","East","New York","New York City","1","41.65","8.86","Net Banking"
"ORD-10623","2024-03-10","CUST-1068","Elizabeth Lopez","Office Supplies","Gel Pen Pack (12 Qty)","East","New York","New York City","8","96","57.6","Net Banking"
"ORD-10624","2024-04-21","CUST-1036","Nicole Thomas","Furniture","Bookshelf (5-Tier)","East","Massachusetts","Boston","2","207.06","21.24","Debit Card"
"ORD-10625","2026-01-22","CUST-1001","David Jackson","Office Supplies","Desktop File Organizer","Central","Texas","Dallas","3","60","30","Credit Card"
"ORD-10626","2025-05-19","CUST-1030","Jane Anderson","Office Supplies","Ergonomic Footrest","South","Florida","Orlando","9","348.3","104.49","Cash on Delivery"
"ORD-10627","2024-08-01","CUST-1091","Charles Thompson","Office Supplies","Heavy Duty Stapler","East","New York","Buffalo","5","125","50","Credit Card"
"ORD-10628","2025-01-12","CUST-1062","Thomas Thomas","Furniture","Bookshelf (5-Tier)","West","California","San Diego","2","238","25.24","Cash on Delivery"
"ORD-10629","2025-02-19","CUST-1056","Jessica Clark","Technology","Logitech MX Master 3S","East","Massachusetts","Boston","1","99","34.65","UPI"
"ORD-10630","2025-02-12","CUST-1021","David Lewis","Technology","Dell XPS 13","West","California","Los Angeles","1","999","199.8","Cash on Delivery"
"ORD-10631","2025-04-01","CUST-1005","Mark Clark","Technology","USB-C Docking Station","East","New York","New York City","1","80","32","Debit Card"
"ORD-10632","2025-03-18","CUST-1024","Michael Clark","Office Supplies","Leather Binder Organizer","West","Oregon","Portland","10","350","157.5","Cash on Delivery"
"ORD-10633","2025-01-29","CUST-1018","Jessica Martin","Furniture","Ergonomic Office Chair","South","North Carolina","Charlotte","2","498","53.79","Credit Card"
"ORD-10634","2024-02-14","CUST-1087","Charles Rodriguez","Furniture","LED Desk Lamp with Qi Charger","West","Washington","Seattle","1","49","9.72","Credit Card"
"ORD-10635","2024-10-06","CUST-1005","Mark Clark","Office Supplies","Heavy Duty Stapler","Central","Illinois","Chicago","9","211.5","84.6","Net Banking"
"ORD-10636","2026-02-11","CUST-1023","Joseph Sanchez","Technology","Logitech MX Master 3S","West","California","San Francisco","1","99","34.65","UPI"
"ORD-10637","2025-03-05","CUST-1035","Megan Brown","Office Supplies","Desktop File Organizer","East","Pennsylvania","Philadelphia","8","160","80","Credit Card"
"ORD-10638","2026-02-05","CUST-1082","Mark Harris","Furniture","Ergonomic Office Chair","East","Pennsylvania","Philadelphia","1","249","27.68","Cash on Delivery"
"ORD-10639","2025-10-14","CUST-1015","Megan Miller","Furniture","Wooden Writing Desk","East","New York","Buffalo","2","598","61.13","Debit Card"
"ORD-10640","2025-09-18","CUST-1036","Nicole Thomas","Technology","Mechanical Keyboard","South","Florida","Orlando","3","334.8","100.44","Credit Card"
"ORD-10641","2026-03-09","CUST-1000","Stephanie Hernandez","Office Supplies","Ergonomic Footrest","East","Massachusetts","Boston","10","450","135","Cash on Delivery"
"ORD-10642","2024-11-24","CUST-1002","Mark Martin","Furniture","LED Desk Lamp with Qi Charger","South","Florida","Orlando","4","170.52","35.23","Debit Card"
"ORD-10643","2024-06-16","CUST-1089","Thomas Lee","Technology","MacBook Air M3","West","Oregon","Portland","1","1099","307.72","UPI"
"ORD-10644","2026-04-05","CUST-1001","David Jackson","Office Supplies","Desktop File Organizer","South","Florida","Orlando","5","100","50","Cash on Delivery"
"ORD-10645","2024-02-25","CUST-1076","Jessica Sanchez","Technology","MacBook Air M3","Central","Texas","Austin","1","1099","307.72","UPI"
"ORD-10646","2025-06-14","CUST-1065","Melissa Thompson","Furniture","Electric Standing Desk","East","Massachusetts","Boston","1","339.15","29.76","Net Banking"
"ORD-10647","2025-01-30","CUST-1033","Jessica Clark","Office Supplies","Desktop File Organizer","East","New York","Buffalo","3","60","30","UPI"
"ORD-10648","2024-09-26","CUST-1013","Laura Gonzalez","Office Supplies","Ergonomic Footrest","East","New York","New York City","1","40.05","12.01","Debit Card"
"ORD-10649","2025-01-29","CUST-1001","David Jackson","Office Supplies","Ergonomic Footrest","South","North Carolina","Charlotte","7","315","94.5","Cash on Delivery"
"ORD-10650","2024-10-07","CUST-1004","Mark Jones","Technology","Logitech MX Master 3S","South","Florida","Orlando","1","99","34.65","Cash on Delivery"
"ORD-10651","2026-05-13","CUST-1031","Daniel Hernandez","Office Supplies","Dry Erase Whiteboard","East","New York","Buffalo","2","122.2","42.77","Net Banking"
"ORD-10652","2026-04-21","CUST-1000","Stephanie Hernandez","Technology","Dell XPS 13","South","Florida","Orlando","1","999","199.8","UPI"
"ORD-10653","2025-06-11","CUST-1009","Melissa Jackson","Technology","Mechanical Keyboard","East","Massachusetts","Boston","2","240","72","Cash on Delivery"
"ORD-10654","2024-01-21","CUST-1009","Melissa Jackson","Office Supplies","Gel Pen Pack (12 Qty)","West","Oregon","Portland","2","24","14.4","Cash on Delivery"
"ORD-10655","2024-06-16","CUST-1083","Stephanie Lee","Office Supplies","Dry Erase Whiteboard","East","New York","New York City","5","308.75","108.06","Credit Card"
"ORD-10656","2025-05-04","CUST-1049","James Thompson","Office Supplies","Premium A4 Copy Paper","East","Pennsylvania","Philadelphia","2","30","15","Net Banking"
"ORD-10657","2024-03-06","CUST-1067","Rachel Hernandez","Office Supplies","Dry Erase Whiteboard","South","Georgia","Atlanta","6","390","136.5","Debit Card"
"ORD-10658","2024-01-09","CUST-1001","David Jackson","Technology","MacBook Air M3","East","Pennsylvania","Philadelphia","1","1099","307.72","Debit Card"
"ORD-10659","2024-08-24","CUST-1022","James Harris","Office Supplies","Dry Erase Whiteboard","East","New York","New York City","5","325","113.75","UPI"
"ORD-10660","2024-01-22","CUST-1013","Laura Gonzalez","Furniture","Bookshelf (5-Tier)","West","California","San Diego","2","202.3","22.48","Net Banking"
"ORD-10661","2026-03-26","CUST-1017","Michael Clark","Office Supplies","Dry Erase Whiteboard","East","Massachusetts","Boston","7","455","159.25","Cash on Delivery"
"ORD-10662","2024-07-28","CUST-1009","Melissa Jackson","Furniture","Bookshelf (5-Tier)","Central","Texas","Austin","1","119","14.54","Cash on Delivery"
"ORD-10663","2026-04-19","CUST-1013","Laura Gonzalez","Furniture","Ergonomic Office Chair","Central","Texas","Houston","1","249","30.28","Cash on Delivery"
"ORD-10664","2025-05-21","CUST-1093","Rachel Wilson","Office Supplies","Premium A4 Copy Paper","East","Massachusetts","Boston","7","92.4","46.2","Net Banking"
"ORD-10665","2025-10-15","CUST-1065","Melissa Thompson","Technology","Dell XPS 13","East","New York","New York City","1","999","199.8","UPI"
"ORD-10666","2025-12-12","CUST-1013","Laura Gonzalez","Technology","Logitech MX Master 3S","Central","Illinois","Chicago","1","99","34.65","Cash on Delivery"
"ORD-10667","2024-07-18","CUST-1096","Matthew Jones","Technology","MacBook Air M3","West","Washington","Seattle","1","1099","307.72","Credit Card"
"ORD-10668","2025-03-04","CUST-1025","Laura Lopez","Technology","USB-C Docking Station","East","Massachusetts","Boston","3","240","96","Credit Card"
"ORD-10669","2025-08-08","CUST-1063","Amber Martinez","Technology","Samsung Galaxy S24","Central","Texas","Houston","1","899","197.78","Net Banking"
"ORD-10670","2025-05-05","CUST-1002","Mark Martin","Technology","iPhone 15 Pro","South","North Carolina","Charlotte","2","1998","499.5","UPI"
"ORD-10671","2024-05-30","CUST-1098","Donald Gonzalez","Office Supplies","Gel Pen Pack (12 Qty)","East","Pennsylvania","Philadelphia","10","104.4","62.64","Debit Card"
"ORD-10672","2026-01-13","CUST-1032","Thomas Garcia","Office Supplies","Ergonomic Footrest","South","Georgia","Atlanta","5","225","67.5","Debit Card"
"ORD-10673","2025-07-19","CUST-1094","Thomas Sanchez","Technology","MacBook Air M3","West","California","San Francisco","1","1099","307.72","Credit Card"
"ORD-10674","2024-02-22","CUST-1000","Stephanie Hernandez","Office Supplies","Gel Pen Pack (12 Qty)","Central","Texas","Dallas","6","72","43.2","Debit Card"
"ORD-10675","2024-07-30","CUST-1047","Rachel Thomas","Furniture","Ergonomic Office Chair","South","North Carolina","Charlotte","2","498","60.35","Debit Card"
"ORD-10676","2024-05-16","CUST-1000","Stephanie Hernandez","Furniture","LED Desk Lamp with Qi Charger","West","California","San Diego","1","43.12","9.72","Cash on Delivery"
"ORD-10677","2025-02-07","CUST-1017","Michael Clark","Office Supplies","Dry Erase Whiteboard","Central","Texas","Austin","5","325","113.75","UPI"
"ORD-10678","2024-08-27","CUST-1025","Laura Lopez","Technology","Logitech MX Master 3S","Central","Ohio","Cleveland","1","99","34.65","Debit Card"
"ORD-10679","2024-08-02","CUST-1095","Amanda Thomas","Furniture","LED Desk Lamp with Qi Charger","East","Pennsylvania","Philadelphia","1","49","10.59","Debit Card"
"ORD-10680","2024-10-26","CUST-1017","Michael Clark","Office Supplies","Premium A4 Copy Paper","West","Oregon","Portland","7","105","52.5","UPI"
"ORD-10681","2025-03-14","CUST-1003","Paul Lewis","Technology","Samsung Galaxy S24","West","California","Los Angeles","1","836.07","183.94","Debit Card"
"ORD-10682","2026-04-18","CUST-1000","Stephanie Hernandez","Furniture","Wooden Writing Desk","Central","Texas","Houston","1","275.08","25.7","Cash on Delivery"
"ORD-10683","2024-08-22","CUST-1036","Nicole Thomas","Office Supplies","Heavy Duty Stapler","Central","Illinois","Chicago","9","225","90","UPI"
"ORD-10684","2025-07-11","CUST-1005","Mark Clark","Office Supplies","Desktop File Organizer","East","New York","Buffalo","6","120","60","Net Banking"
"ORD-10685","2024-05-05","CUST-1024","Michael Clark","Technology","Samsung Galaxy S24","Central","Texas","Dallas","2","1798","395.56","Net Banking"
"ORD-10686","2024-09-05","CUST-1070","Amanda Robinson","Office Supplies","Desktop File Organizer","East","Pennsylvania","Philadelphia","7","140","70","Credit Card"
"ORD-10687","2026-01-22","CUST-1000","Stephanie Hernandez","Furniture","Ergonomic Office Chair","West","California","San Francisco","1","249","31.04","Debit Card"
"ORD-10688","2025-12-27","CUST-1044","Matthew Gonzalez","Office Supplies","Heavy Duty Stapler","South","Georgia","Atlanta","3","75","30","Net Banking"
"ORD-10689","2025-04-01","CUST-1039","Nicole Harris","Office Supplies","Heavy Duty Stapler","Central","Ohio","Cleveland","2","50","20","Credit Card"
"ORD-10690","2026-04-02","CUST-1001","David Jackson","Technology","Samsung Galaxy S24","East","Massachusetts","Boston","1","899","197.78","UPI"
"ORD-10691","2025-02-08","CUST-1035","Megan Brown","Technology","USB-C Docking Station","East","Pennsylvania","Philadelphia","3","240","96","Cash on Delivery"
"ORD-10692","2024-03-26","CUST-1043","Sarah Gonzalez","Technology","MacBook Air M3","East","Massachusetts","Boston","2","1956.22","547.74","Credit Card"
"ORD-10693","2025-10-28","CUST-1001","David Jackson","Technology","Mechanical Keyboard","West","Oregon","Portland","1","120","36","Debit Card"
"ORD-10694","2024-11-24","CUST-1021","David Lewis","Technology","Logitech MX Master 3S","West","California","Los Angeles","1","87.12","30.49","UPI"
"ORD-10695","2024-05-06","CUST-1022","James Harris","Furniture","Bookshelf (5-Tier)","Central","Texas","Houston","2","238","30.71","Debit Card"
"ORD-10696","2026-04-28","CUST-1006","Ashley Garcia","Technology","MacBook Air M3","Central","Texas","Dallas","2","1890.28","529.28","UPI"
"ORD-10697","2025-03-31","CUST-1057","Elizabeth Miller","Office Supplies","Heavy Duty Stapler","East","New York","Buffalo","7","175","70","Credit Card"
"ORD-10698","2026-02-24","CUST-1006","Ashley Garcia","Furniture","LED Desk Lamp with Qi Charger","East","New York","Buffalo","1","42.14","9.06","Credit Card"
"ORD-10699","2024-11-06","CUST-1012","Donald Jones","Technology","Samsung Galaxy S24","West","California","San Francisco","2","1798","395.56","Net Banking"
"ORD-10700","2026-03-07","CUST-1003","Paul Lewis","Technology","Samsung Galaxy S24","Central","Texas","Austin","1","899","197.78","Debit Card"
"ORD-10701","2025-07-27","CUST-1012","Donald Jones","Office Supplies","Heavy Duty Stapler","East","New York","New York City","1","25","10","UPI"
"ORD-10702","2024-02-22","CUST-1028","Nicole Martin","Technology","Mechanical Keyboard","East","Massachusetts","Boston","1","120","36","UPI"
"ORD-10703","2024-06-07","CUST-1085","Matthew Hernandez","Technology","USB-C Docking Station","Central","Ohio","Cleveland","1","80","32","Cash on Delivery"
"ORD-10704","2026-02-28","CUST-1026","Daniel Lee","Technology","MacBook Air M3","Central","Ohio","Cleveland","1","978.11","273.87","Cash on Delivery"
"ORD-10705","2025-08-10","CUST-1006","Ashley Garcia","Technology","iPhone 15 Pro","West","California","Los Angeles","1","999","249.75","Net Banking"
"ORD-10706","2025-10-01","CUST-1088","Joseph Lee","Office Supplies","Desktop File Organizer","Central","Ohio","Cleveland","2","40","20","Credit Card"
"ORD-10707","2025-04-05","CUST-1074","James Smith","Technology","Logitech MX Master 3S","East","New York","Buffalo","1","93.06","32.57","Credit Card"
"ORD-10708","2024-10-21","CUST-1055","Nicole Smith","Technology","Mechanical Keyboard","Central","Texas","Houston","1","120","36","Net Banking"
"ORD-10709","2024-11-11","CUST-1032","Thomas Garcia","Technology","iPhone 15 Pro","West","California","San Francisco","1","999","249.75","UPI"
"ORD-10710","2024-02-24","CUST-1098","Donald Gonzalez","Technology","iPhone 15 Pro","South","Florida","Miami","1","859.14","214.78","Debit Card"
"ORD-10711","2025-05-21","CUST-1020","Emily Harris","Technology","Mechanical Keyboard","East","New York","Buffalo","1","120","36","Credit Card"
"ORD-10712","2025-04-22","CUST-1012","Donald Jones","Technology","iPhone 15 Pro","South","Georgia","Atlanta","1","999","249.75","Credit Card"
"ORD-10713","2024-06-27","CUST-1000","Stephanie Hernandez","Furniture","Electric Standing Desk","West","California","Los Angeles","1","399","28.67","Debit Card"
"ORD-10714","2026-04-05","CUST-1013","Laura Gonzalez","Technology","Mechanical Keyboard","South","Georgia","Atlanta","2","240","72","UPI"
"ORD-10715","2026-03-26","CUST-1034","Stephanie Johnson","Technology","Mechanical Keyboard","Central","Texas","Austin","1","112.8","33.84","UPI"
"ORD-10716","2024-02-23","CUST-1072","Laura Wilson","Office Supplies","Leather Binder Organizer","East","Massachusetts","Boston","9","315","141.75","Debit Card"
"ORD-10717","2025-09-13","CUST-1052","Elizabeth Anderson","Office Supplies","Desktop File Organizer","East","New York","New York City","9","180","90","Credit Card"
"ORD-10718","2024-07-30","CUST-1068","Elizabeth Lopez","Technology","Samsung Galaxy S24","South","Florida","Orlando","1","899","197.78","UPI"
"ORD-10719","2024-10-14","CUST-1002","Mark Martin","Technology","MacBook Air M3","West","California","San Diego","2","2198","615.44","UPI"
"ORD-10720","2025-03-18","CUST-1000","Stephanie Hernandez","Office Supplies","Dry Erase Whiteboard","South","North Carolina","Charlotte","10","650","227.5","Net Banking"
"ORD-10721","2024-09-26","CUST-1059","Sarah Thomas","Furniture","Ergonomic Office Chair","South","Florida","Orlando","1","249","23.08","Cash on Delivery"
"ORD-10722","2025-09-14","CUST-1074","James Smith","Office Supplies","Premium A4 Copy Paper","West","Oregon","Portland","10","150","75","Debit Card"
"ORD-10723","2024-06-14","CUST-1026","Daniel Lee","Office Supplies","Heavy Duty Stapler","Central","Texas","Dallas","10","250","100","UPI"
"ORD-10724","2026-01-27","CUST-1005","Mark Clark","Technology","iPhone 15 Pro","West","Washington","Seattle","1","999","249.75","Debit Card"
"ORD-10725","2025-08-22","CUST-1071","Melissa Anderson","Furniture","3-Drawer Mobile File Cabinet","East","New York","New York City","1","149","18.8","Net Banking"
"ORD-10726","2026-02-13","CUST-1053","Steven Harris","Technology","Mechanical Keyboard","South","Florida","Orlando","1","104.4","31.32","Credit Card"
"ORD-10727","2025-09-04","CUST-1007","Elizabeth Davis","Office Supplies","Desktop File Organizer","South","Florida","Orlando","2","40","20","UPI"
"ORD-10728","2026-03-13","CUST-1067","Rachel Hernandez","Office Supplies","Heavy Duty Stapler","East","Pennsylvania","Philadelphia","9","225","90","Credit Card"
"ORD-10729","2024-08-17","CUST-1038","Robert Gonzalez","Furniture","Electric Standing Desk","East","New York","Buffalo","1","399","39.65","UPI"
"ORD-10730","2024-08-23","CUST-1010","Steven Johnson","Technology","Mechanical Keyboard","West","California","San Diego","1","120","36","Debit Card"
"ORD-10731","2024-10-05","CUST-1022","James Harris","Technology","Mechanical Keyboard","Central","Illinois","Chicago","1","106.8","32.04","UPI"
"ORD-10732","2024-02-17","CUST-1017","Michael Clark","Technology","Mechanical Keyboard","East","New York","Buffalo","1","120","36","Credit Card"
"ORD-10733","2024-06-03","CUST-1009","Melissa Jackson","Office Supplies","Leather Binder Organizer","West","California","Los Angeles","9","315","141.75","Debit Card"
"ORD-10734","2024-01-07","CUST-1000","Stephanie Hernandez","Furniture","Ergonomic Office Chair","West","Oregon","Portland","1","249","28.25","UPI"
"ORD-10735","2024-02-10","CUST-1034","Stephanie Johnson","Furniture","3-Drawer Mobile File Cabinet","East","New York","New York City","1","149","18.13","Credit Card"
"ORD-10736","2024-06-16","CUST-1001","David Jackson","Technology","Samsung Galaxy S24","West","Oregon","Portland","1","899","197.78","Credit Card"
"ORD-10737","2025-07-06","CUST-1064","Amanda Perez","Office Supplies","Leather Binder Organizer","East","New York","Buffalo","10","297.5","133.88","UPI"
"ORD-10738","2025-09-15","CUST-1008","Rachel Clark","Technology","Logitech MX Master 3S","West","Washington","Seattle","3","297","103.95","Debit Card"
"ORD-10739","2025-01-22","CUST-1001","David Jackson","Office Supplies","Dry Erase Whiteboard","Central","Ohio","Cleveland","8","478.4","167.44","Net Banking"
"ORD-10740","2024-07-23","CUST-1002","Mark Martin","Technology","Logitech MX Master 3S","West","California","Los Angeles","1","99","34.65","Debit Card"
"ORD-10741","2025-10-25","CUST-1027","Laura Thompson","Office Supplies","Leather Binder Organizer","East","Massachusetts","Boston","1","35","15.75","Cash on Delivery"
"ORD-10742","2025-07-18","CUST-1073","Paul Johnson","Technology","Dell XPS 13","Central","Texas","Houston","2","1718.28","343.66","Credit Card"
"ORD-10743","2024-10-17","CUST-1024","Michael Clark","Technology","MacBook Air M3","West","Oregon","Portland","1","1099","307.72","UPI"
"ORD-10744","2025-07-21","CUST-1012","Donald Jones","Office Supplies","Desktop File Organizer","South","North Carolina","Charlotte","4","80","40","Debit Card"
"ORD-10745","2026-05-14","CUST-1019","Amanda Jones","Office Supplies","Ergonomic Footrest","West","California","Los Angeles","6","270","81","Net Banking"
"ORD-10746","2025-06-26","CUST-1000","Stephanie Hernandez","Technology","Dell XPS 13","West","California","San Diego","1","869.13","173.83","UPI"
"ORD-10747","2025-06-27","CUST-1040","Ashley Davis","Office Supplies","Heavy Duty Stapler","West","California","San Diego","1","25","10","Cash on Delivery"
"ORD-10748","2025-05-12","CUST-1010","Steven Johnson","Technology","iPhone 15 Pro","South","North Carolina","Charlotte","1","929.07","232.27","Debit Card"
"ORD-10749","2024-08-09","CUST-1024","Michael Clark","Technology","Samsung Galaxy S24","East","Massachusetts","Boston","1","899","197.78","Net Banking"
"ORD-10750","2024-12-17","CUST-1096","Matthew Jones","Technology","iPhone 15 Pro","Central","Texas","Dallas","3","2997","749.25","Cash on Delivery"
"ORD-10751","2024-06-09","CUST-1021","David Lewis","Technology","Dell XPS 13","South","Georgia","Atlanta","1","919.08","183.82","UPI"
"ORD-10752","2024-01-11","CUST-1003","Paul Lewis","Office Supplies","Premium A4 Copy Paper","West","California","San Diego","6","90","45","UPI"
"ORD-10753","2024-08-10","CUST-1056","Jessica Clark","Office Supplies","Ergonomic Footrest","Central","Texas","Austin","9","405","121.5","Cash on Delivery"
"ORD-10754","2024-07-17","CUST-1016","Amanda Jackson","Furniture","Ergonomic Office Chair","East","New York","Buffalo","2","498","52.69","Debit Card"
"ORD-10755","2024-07-22","CUST-1003","Paul Lewis","Furniture","Bookshelf (5-Tier)","West","California","Los Angeles","1","111.86","14.53","Cash on Delivery"
"ORD-10756","2025-09-02","CUST-1011","Sarah Sanchez","Office Supplies","Gel Pen Pack (12 Qty)","West","Oregon","Portland","3","32.4","19.44","Credit Card"
"ORD-10757","2025-12-28","CUST-1071","Melissa Anderson","Technology","Dell XPS 13","West","Washington","Seattle","1","999","199.8","Cash on Delivery"
"ORD-10758","2024-05-07","CUST-1000","Stephanie Hernandez","Furniture","Electric Standing Desk","South","North Carolina","Charlotte","2","798","75.64","Credit Card"
"ORD-10759","2026-02-14","CUST-1054","Elizabeth Anderson","Office Supplies","Dry Erase Whiteboard","West","Washington","Seattle","5","302.25","105.79","UPI"
"ORD-10760","2026-01-11","CUST-1087","Charles Rodriguez","Technology","Dell XPS 13","South","North Carolina","Charlotte","1","999","199.8","Debit Card"
"ORD-10761","2026-05-15","CUST-1030","Jane Anderson","Office Supplies","Gel Pen Pack (12 Qty)","East","Pennsylvania","Philadelphia","2","24","14.4","Debit Card"
"ORD-10762","2026-04-14","CUST-1000","Stephanie Hernandez","Technology","Logitech MX Master 3S","West","California","Los Angeles","1","99","34.65","Net Banking"
"ORD-10763","2024-09-24","CUST-1029","Thomas White","Office Supplies","Leather Binder Organizer","South","Florida","Miami","2","70","31.5","Credit Card"
"ORD-10764","2025-07-26","CUST-1000","Stephanie Hernandez","Office Supplies","Dry Erase Whiteboard","Central","Ohio","Cleveland","9","520.65","182.23","Net Banking"
"ORD-10765","2025-07-02","CUST-1041","Jane Perez","Office Supplies","Desktop File Organizer","East","Massachusetts","Boston","1","20","10","Net Banking"
"ORD-10766","2024-10-10","CUST-1023","Joseph Sanchez","Office Supplies","Heavy Duty Stapler","West","California","San Diego","6","150","60","Credit Card"
"ORD-10767","2025-03-14","CUST-1078","Amber Garcia","Technology","Dell XPS 13","Central","Texas","Austin","1","859.14","171.83","Cash on Delivery"
"ORD-10768","2026-05-10","CUST-1078","Amber Garcia","Technology","iPhone 15 Pro","Central","Ohio","Cleveland","1","999","249.75","UPI"
"ORD-10769","2024-02-21","CUST-1000","Stephanie Hernandez","Furniture","Wooden Writing Desk","West","California","Los Angeles","1","266.11","26.03","Credit Card"
"ORD-10770","2025-07-23","CUST-1000","Stephanie Hernandez","Office Supplies","Gel Pen Pack (12 Qty)","South","North Carolina","Charlotte","2","21.12","12.67","Debit Card"
"ORD-10771","2024-09-22","CUST-1009","Melissa Jackson","Office Supplies","Premium A4 Copy Paper","Central","Texas","Austin","2","30","15","Cash on Delivery"
"ORD-10772","2026-01-26","CUST-1012","Donald Jones","Furniture","3-Drawer Mobile File Cabinet","West","Washington","Seattle","2","277.14","37.03","Cash on Delivery"
"ORD-10773","2026-04-19","CUST-1070","Amanda Robinson","Office Supplies","Heavy Duty Stapler","East","Pennsylvania","Philadelphia","8","200","80","Cash on Delivery"
"ORD-10774","2024-03-17","CUST-1049","James Thompson","Furniture","LED Desk Lamp with Qi Charger","Central","Ohio","Cleveland","1","49","9.34","Credit Card"
"ORD-10775","2025-05-11","CUST-1081","Amber Lewis","Office Supplies","Premium A4 Copy Paper","East","Pennsylvania","Philadelphia","4","60","30","UPI"
"ORD-10776","2025-02-21","CUST-1015","Megan Miller","Technology","MacBook Air M3","Central","Texas","Dallas","1","1000.09","280.03","UPI"
"ORD-10777","2024-08-20","CUST-1073","Paul Johnson","Technology","Dell XPS 13","South","Florida","Miami","1","889.11","177.82","Net Banking"
"ORD-10778","2025-09-29","CUST-1000","Stephanie Hernandez","Office Supplies","Dry Erase Whiteboard","Central","Texas","Austin","6","390","136.5","Debit Card"
"ORD-10779","2026-02-11","CUST-1018","Jessica Martin","Office Supplies","Leather Binder Organizer","South","North Carolina","Charlotte","10","350","157.5","Net Banking"
"ORD-10780","2024-05-12","CUST-1014","Courtney Perez","Technology","MacBook Air M3","West","California","San Francisco","1","1099","307.72","Cash on Delivery"
"ORD-10781","2024-08-14","CUST-1047","Rachel Thomas","Office Supplies","Dry Erase Whiteboard","West","California","San Francisco","7","455","159.25","Debit Card"
"ORD-10782","2024-06-28","CUST-1016","Amanda Jackson","Furniture","Wooden Writing Desk","East","Pennsylvania","Philadelphia","1","254.15","20.49","Net Banking"
"ORD-10783","2024-03-06","CUST-1078","Amber Garcia","Furniture","Ergonomic Office Chair","West","California","San Francisco","4","886.44","101.02","Net Banking"
"ORD-10784","2025-12-08","CUST-1054","Elizabeth Anderson","Furniture","Bookshelf (5-Tier)","West","Oregon","Portland","1","119","15.8","UPI"
"ORD-10785","2024-04-16","CUST-1013","Laura Gonzalez","Technology","Samsung Galaxy S24","South","North Carolina","Charlotte","1","854.05","187.89","Credit Card"
"ORD-10786","2024-10-13","CUST-1035","Megan Brown","Technology","MacBook Air M3","East","New York","Buffalo","3","3297","923.16","Credit Card"
"ORD-10787","2024-09-20","CUST-1096","Matthew Jones","Furniture","Ergonomic Office Chair","East","Massachusetts","Boston","1","249","23.69","UPI"
"ORD-10788","2025-08-29","CUST-1006","Ashley Garcia","Technology","Samsung Galaxy S24","East","Massachusetts","Boston","1","899","197.78","Net Banking"
"ORD-10789","2025-07-18","CUST-1067","Rachel Hernandez","Office Supplies","Leather Binder Organizer","West","Oregon","Portland","2","60.9","27.4","Cash on Delivery"
"ORD-10790","2026-02-13","CUST-1065","Melissa Thompson","Technology","Mechanical Keyboard","West","Washington","Seattle","1","108","32.4","Net Banking"
"ORD-10791","2024-01-17","CUST-1070","Amanda Robinson","Office Supplies","Leather Binder Organizer","South","Georgia","Atlanta","2","70","31.5","Credit Card"
"ORD-10792","2024-08-21","CUST-1000","Stephanie Hernandez","Technology","Dell XPS 13","West","Washington","Seattle","1","999","199.8","Net Banking"
"ORD-10793","2024-06-11","CUST-1048","Daniel Robinson","Technology","Mechanical Keyboard","West","Washington","Seattle","1","120","36","Cash on Delivery"
"ORD-10794","2025-05-29","CUST-1000","Stephanie Hernandez","Technology","USB-C Docking Station","Central","Ohio","Cleveland","3","206.4","82.56","Cash on Delivery"
"ORD-10795","2026-03-25","CUST-1047","Rachel Thomas","Office Supplies","Dry Erase Whiteboard","East","Pennsylvania","Philadelphia","1","65","22.75","Debit Card"
"ORD-10796","2025-02-03","CUST-1000","Stephanie Hernandez","Technology","MacBook Air M3","West","California","San Diego","2","2198","615.44","UPI"
"ORD-10797","2026-04-08","CUST-1056","Jessica Clark","Office Supplies","Premium A4 Copy Paper","Central","Texas","Austin","10","129","64.5","Credit Card"
"ORD-10798","2025-11-23","CUST-1005","Mark Clark","Furniture","Ergonomic Office Chair","West","California","San Francisco","1","214.14","25.32","Cash on Delivery"
"ORD-10799","2026-03-25","CUST-1015","Megan Miller","Technology","Dell XPS 13","East","New York","Buffalo","1","999","199.8","Net Banking"
"ORD-10800","2025-01-20","CUST-1000","Stephanie Hernandez","Furniture","Electric Standing Desk","East","Pennsylvania","Philadelphia","1","347.13","26.65","Cash on Delivery"
"ORD-10801","2026-01-25","CUST-1008","Rachel Clark","Technology","Samsung Galaxy S24","South","Florida","Orlando","1","899","197.78","Credit Card"
"ORD-10802","2024-08-02","CUST-1016","Amanda Jackson","Office Supplies","Leather Binder Organizer","West","California","San Francisco","4","140","63","Debit Card"
"ORD-10803","2026-04-15","CUST-1007","Elizabeth Davis","Furniture","Wooden Writing Desk","Central","Texas","Dallas","1","299","31.74","Debit Card"
"ORD-10804","2024-03-03","CUST-1002","Mark Martin","Technology","iPhone 15 Pro","East","Pennsylvania","Philadelphia","2","1818.18","454.54","Net Banking"
"ORD-10805","2026-01-11","CUST-1058","Nicole Martinez","Furniture","Bookshelf (5-Tier)","South","Florida","Miami","1","119","12.52","Net Banking"
"ORD-10806","2025-03-04","CUST-1026","Daniel Lee","Office Supplies","Heavy Duty Stapler","East","Pennsylvania","Philadelphia","4","100","40","Credit Card"
"ORD-10807","2025-02-04","CUST-1015","Megan Miller","Office Supplies","Dry Erase Whiteboard","East","Massachusetts","Boston","8","520","182","Credit Card"
"ORD-10808","2026-01-02","CUST-1043","Sarah Gonzalez","Technology","MacBook Air M3","Central","Ohio","Cleveland","1","1099","307.72","UPI"
"ORD-10809","2025-05-12","CUST-1001","David Jackson","Furniture","LED Desk Lamp with Qi Charger","West","California","Los Angeles","1","43.61","8.79","UPI"
"ORD-10810","2024-02-24","CUST-1073","Paul Johnson","Furniture","LED Desk Lamp with Qi Charger","Central","Texas","Houston","4","196","44.89","Net Banking"
"ORD-10811","2024-07-28","CUST-1000","Stephanie Hernandez","Furniture","Wooden Writing Desk","East","Massachusetts","Boston","1","299","31.97","Cash on Delivery"
"ORD-10812","2026-04-29","CUST-1020","Emily Harris","Technology","iPhone 15 Pro","East","Massachusetts","Boston","1","999","249.75","Cash on Delivery"
"ORD-10813","2025-11-11","CUST-1007","Elizabeth Davis","Office Supplies","Desktop File Organizer","Central","Texas","Dallas","3","52.2","26.1","UPI"
"ORD-10814","2024-08-02","CUST-1052","Elizabeth Anderson","Office Supplies","Desktop File Organizer","Central","Texas","Dallas","1","20","10","Debit Card"
"ORD-10815","2026-03-11","CUST-1097","Rachel Ramirez","Technology","iPhone 15 Pro","South","Florida","Orlando","1","929.07","232.27","Credit Card"
"ORD-10816","2026-03-25","CUST-1003","Paul Lewis","Office Supplies","Gel Pen Pack (12 Qty)","South","North Carolina","Charlotte","6","72","43.2","Debit Card"
"ORD-10817","2026-03-30","CUST-1024","Michael Clark","Office Supplies","Premium A4 Copy Paper","South","Florida","Miami","7","105","52.5","Cash on Delivery"
"ORD-10818","2025-09-06","CUST-1053","Steven Harris","Technology","Samsung Galaxy S24","West","California","San Francisco","2","1798","395.56","Debit Card"
"ORD-10819","2024-02-03","CUST-1018","Jessica Martin","Office Supplies","Heavy Duty Stapler","West","California","Los Angeles","8","186","74.4","Credit Card"
"ORD-10820","2024-11-20","CUST-1093","Rachel Wilson","Furniture","Bookshelf (5-Tier)","East","Pennsylvania","Philadelphia","1","110.67","15.42","Debit Card"
"ORD-10821","2024-03-11","CUST-1086","William Lewis","Furniture","Wooden Writing Desk","West","Oregon","Portland","2","598","66.36","Credit Card"
"ORD-10822","2024-05-25","CUST-1014","Courtney Perez","Office Supplies","Premium A4 Copy Paper","West","Oregon","Portland","5","71.25","35.62","Credit Card"
"ORD-10823","2024-08-12","CUST-1026","Daniel Lee","Technology","MacBook Air M3","West","Oregon","Portland","1","1022.07","286.18","UPI"
"ORD-10824","2024-10-22","CUST-1074","James Smith","Office Supplies","Heavy Duty Stapler","East","New York","New York City","1","22.75","9.1","Net Banking"
"ORD-10825","2025-08-26","CUST-1087","Charles Rodriguez","Furniture","Bookshelf (5-Tier)","South","North Carolina","Charlotte","1","119","15.77","Net Banking"
"ORD-10826","2024-07-11","CUST-1001","David Jackson","Office Supplies","Ergonomic Footrest","South","Florida","Orlando","6","270","81","Net Banking"
"ORD-10827","2024-02-18","CUST-1000","Stephanie Hernandez","Office Supplies","Leather Binder Organizer","West","Washington","Seattle","3","105","47.25","Credit Card"
"ORD-10828","2024-04-24","CUST-1004","Mark Jones","Furniture","LED Desk Lamp with Qi Charger","East","New York","Buffalo","1","49","9.75","Credit Card"
"ORD-10829","2024-10-12","CUST-1091","Charles Thompson","Office Supplies","Gel Pen Pack (12 Qty)","Central","Ohio","Cleveland","5","60","36","Cash on Delivery"
"ORD-10830","2025-07-11","CUST-1064","Amanda Perez","Furniture","Electric Standing Desk","West","California","Los Angeles","1","399","35.49","Cash on Delivery"
"ORD-10831","2024-08-02","CUST-1006","Ashley Garcia","Office Supplies","Ergonomic Footrest","South","North Carolina","Charlotte","10","450","135","Net Banking"
"ORD-10832","2024-03-10","CUST-1031","Daniel Hernandez","Technology","USB-C Docking Station","South","Georgia","Atlanta","1","71.2","28.48","Net Banking"
"ORD-10833","2025-04-04","CUST-1026","Daniel Lee","Office Supplies","Dry Erase Whiteboard","East","New York","New York City","10","650","227.5","Debit Card"
"ORD-10834","2025-04-17","CUST-1077","Robert Sanchez","Office Supplies","Premium A4 Copy Paper","East","New York","Buffalo","1","13.05","6.52","Credit Card"
"ORD-10835","2024-09-11","CUST-1005","Mark Clark","Technology","Logitech MX Master 3S","West","California","San Francisco","1","99","34.65","Net Banking"
"ORD-10836","2026-05-15","CUST-1096","Matthew Jones","Technology","USB-C Docking Station","West","California","San Francisco","1","72.8","29.12","Credit Card"
"ORD-10837","2025-04-02","CUST-1000","Stephanie Hernandez","Furniture","Ergonomic Office Chair","West","California","Los Angeles","1","249","24.97","Net Banking"
"ORD-10838","2025-05-27","CUST-1002","Mark Martin","Technology","MacBook Air M3","West","California","Los Angeles","1","1099","307.72","UPI"
"ORD-10839","2026-05-29","CUST-1003","Paul Lewis","Technology","Dell XPS 13","East","New York","Buffalo","1","999","199.8","Debit Card"
"ORD-10840","2024-02-05","CUST-1016","Amanda Jackson","Furniture","Wooden Writing Desk","West","California","San Diego","1","299","32.48","Net Banking"
"ORD-10841","2025-06-24","CUST-1099","Paul Harris","Technology","MacBook Air M3","West","California","San Francisco","2","2198","615.44","Net Banking"
"ORD-10842","2025-09-10","CUST-1078","Amber Garcia","Technology","Samsung Galaxy S24","South","North Carolina","Charlotte","2","1798","395.56","Debit Card"
"ORD-10843","2025-03-19","CUST-1020","Emily Harris","Furniture","LED Desk Lamp with Qi Charger","East","Pennsylvania","Philadelphia","2","98","22.26","Cash on Delivery"
"ORD-10844","2024-03-15","CUST-1051","Amber Robinson","Technology","USB-C Docking Station","West","Oregon","Portland","3","211.2","84.48","Credit Card"
"ORD-10845","2025-02-13","CUST-1096","Matthew Jones","Technology","USB-C Docking Station","East","New York","Buffalo","1","80","32","UPI"
"ORD-10846","2026-01-08","CUST-1003","Paul Lewis","Furniture","Wooden Writing Desk","East","Massachusetts","Boston","1","269.1","23.91","UPI"
"ORD-10847","2025-09-10","CUST-1004","Mark Jones","Office Supplies","Premium A4 Copy Paper","East","Massachusetts","Boston","5","75","37.5","Credit Card"
"ORD-10848","2024-01-16","CUST-1081","Amber Lewis","Technology","iPhone 15 Pro","East","New York","Buffalo","1","999","249.75","Cash on Delivery"
"ORD-10849","2024-07-30","CUST-1011","Sarah Sanchez","Office Supplies","Heavy Duty Stapler","West","Oregon","Portland","2","50","20","Net Banking"
"ORD-10850","2026-04-27","CUST-1092","Megan Davis","Furniture","Bookshelf (5-Tier)","West","California","San Diego","1","119","13.72","Net Banking"
"ORD-10851","2024-04-12","CUST-1012","Donald Jones","Furniture","Wooden Writing Desk","West","Oregon","Portland","1","299","34.36","Net Banking"
"ORD-10852","2025-08-24","CUST-1006","Ashley Garcia","Technology","iPhone 15 Pro","Central","Texas","Dallas","3","2997","749.25","UPI"
"ORD-10853","2026-05-11","CUST-1087","Charles Rodriguez","Technology","Logitech MX Master 3S","Central","Texas","Houston","1","88.11","30.84","Cash on Delivery"
"ORD-10854","2026-04-13","CUST-1003","Paul Lewis","Office Supplies","Ergonomic Footrest","Central","Texas","Austin","10","450","135","Net Banking"
"ORD-10855","2025-12-26","CUST-1043","Sarah Gonzalez","Office Supplies","Dry Erase Whiteboard","South","Georgia","Atlanta","1","65","22.75","Credit Card"
"ORD-10856","2025-04-05","CUST-1029","Thomas White","Technology","Logitech MX Master 3S","South","Florida","Miami","1","92.07","32.22","Debit Card"
"ORD-10857","2025-01-08","CUST-1037","Megan Hernandez","Technology","MacBook Air M3","West","Oregon","Portland","1","1099","307.72","Credit Card"
"ORD-10858","2024-06-28","CUST-1013","Laura Gonzalez","Furniture","3-Drawer Mobile File Cabinet","East","Pennsylvania","Philadelphia","4","566.2","85.43","UPI"
"ORD-10859","2026-04-07","CUST-1047","Rachel Thomas","Office Supplies","Dry Erase Whiteboard","South","Florida","Miami","1","65","22.75","Credit Card"
"ORD-10860","2025-04-09","CUST-1008","Rachel Clark","Technology","USB-C Docking Station","South","Florida","Miami","2","160","64","UPI"
"ORD-10861","2024-01-11","CUST-1036","Nicole Thomas","Technology","iPhone 15 Pro","West","California","San Diego","1","999","249.75","Cash on Delivery"
"ORD-10862","2026-04-12","CUST-1071","Melissa Anderson","Office Supplies","Heavy Duty Stapler","South","Florida","Miami","3","75","30","Net Banking"
"ORD-10863","2025-06-13","CUST-1002","Mark Martin","Office Supplies","Desktop File Organizer","South","Florida","Miami","2","36.4","18.2","Credit Card"
"ORD-10864","2025-08-06","CUST-1040","Ashley Davis","Technology","iPhone 15 Pro","East","New York","Buffalo","1","999","249.75","Cash on Delivery"
"ORD-10865","2024-02-13","CUST-1049","James Thompson","Office Supplies","Ergonomic Footrest","East","Pennsylvania","Philadelphia","9","405","121.5","UPI"
"ORD-10866","2024-09-08","CUST-1082","Mark Harris","Technology","Mechanical Keyboard","South","Florida","Orlando","1","120","36","UPI"
"ORD-10867","2026-02-05","CUST-1085","Matthew Hernandez","Technology","iPhone 15 Pro","East","Pennsylvania","Philadelphia","1","919.08","229.77","Cash on Delivery"
"ORD-10868","2024-04-01","CUST-1010","Steven Johnson","Furniture","Bookshelf (5-Tier)","West","California","San Diego","1","113.05","14.62","UPI"
"ORD-10869","2024-01-23","CUST-1000","Stephanie Hernandez","Technology","Mechanical Keyboard","West","California","Los Angeles","1","112.8","33.84","Net Banking"
"ORD-10870","2024-06-29","CUST-1095","Amanda Thomas","Office Supplies","Desktop File Organizer","West","California","San Francisco","2","34.4","17.2","Debit Card"
"ORD-10871","2024-09-22","CUST-1037","Megan Hernandez","Furniture","Wooden Writing Desk","Central","Texas","Dallas","1","299","35.32","Credit Card"
"ORD-10872","2025-02-19","CUST-1044","Matthew Gonzalez","Technology","Samsung Galaxy S24","Central","Texas","Austin","3","2319.42","510.27","Credit Card"
"ORD-10873","2024-01-13","CUST-1096","Matthew Jones","Technology","Mechanical Keyboard","East","New York","Buffalo","1","120","36","Credit Card"
"ORD-10874","2026-03-28","CUST-1002","Mark Martin","Office Supplies","Premium A4 Copy Paper","East","Massachusetts","Boston","10","150","75","Credit Card"
"ORD-10875","2025-06-27","CUST-1010","Steven Johnson","Office Supplies","Desktop File Organizer","South","Georgia","Atlanta","6","120","60","Net Banking"
"ORD-10876","2025-08-11","CUST-1003","Paul Lewis","Technology","Samsung Galaxy S24","South","Georgia","Atlanta","1","899","197.78","Cash on Delivery"
"ORD-10877","2025-03-23","CUST-1008","Rachel Clark","Technology","USB-C Docking Station","Central","Texas","Austin","2","160","64","UPI"
"ORD-10878","2024-04-27","CUST-1049","James Thompson","Office Supplies","Premium A4 Copy Paper","West","Oregon","Portland","10","138","69","Cash on Delivery"
"ORD-10879","2024-11-05","CUST-1003","Paul Lewis","Technology","Samsung Galaxy S24","Central","Ohio","Cleveland","1","827.08","181.96","UPI"
"ORD-10880","2024-11-20","CUST-1064","Amanda Perez","Furniture","Wooden Writing Desk","West","California","San Diego","1","299","30.72","Cash on Delivery"
"ORD-10881","2025-06-07","CUST-1047","Rachel Thomas","Technology","USB-C Docking Station","Central","Illinois","Chicago","1","71.2","28.48","Net Banking"
"ORD-10882","2024-12-19","CUST-1033","Jessica Clark","Office Supplies","Dry Erase Whiteboard","Central","Texas","Houston","2","114.4","40.04","UPI"
"ORD-10883","2024-09-27","CUST-1063","Amber Martinez","Technology","Mechanical Keyboard","East","New York","New York City","1","120","36","Net Banking"
"ORD-10884","2024-04-04","CUST-1010","Steven Johnson","Furniture","Wooden Writing Desk","East","New York","Buffalo","1","275.08","22.04","Net Banking"
"ORD-10885","2024-08-25","CUST-1030","Jane Anderson","Office Supplies","Dry Erase Whiteboard","West","Washington","Seattle","9","585","204.75","Net Banking"
"ORD-10886","2024-10-12","CUST-1026","Daniel Lee","Furniture","Ergonomic Office Chair","East","Massachusetts","Boston","2","498","62.03","Credit Card"
"ORD-10887","2024-09-28","CUST-1023","Joseph Sanchez","Office Supplies","Desktop File Organizer","East","New York","Buffalo","9","180","90","UPI"
"ORD-10888","2025-07-02","CUST-1065","Melissa Thompson","Office Supplies","Desktop File Organizer","West","Washington","Seattle","2","40","20","Credit Card"
"ORD-10889","2025-05-19","CUST-1009","Melissa Jackson","Office Supplies","Heavy Duty Stapler","East","Pennsylvania","Philadelphia","2","50","20","UPI"
"ORD-10890","2026-05-13","CUST-1024","Michael Clark","Technology","Dell XPS 13","West","California","San Diego","1","899.1","179.82","Credit Card"
"ORD-10891","2024-10-18","CUST-1018","Jessica Martin","Technology","Samsung Galaxy S24","West","Oregon","Portland","1","899","197.78","Credit Card"
"ORD-10892","2024-08-02","CUST-1008","Rachel Clark","Technology","iPhone 15 Pro","Central","Illinois","Chicago","1","899.1","224.78","Credit Card"
"ORD-10893","2026-05-30","CUST-1082","Mark Harris","Technology","MacBook Air M3","West","Washington","Seattle","3","3132.15","877","Debit Card"
"ORD-10894","2025-06-28","CUST-1051","Amber Robinson","Office Supplies","Desktop File Organizer","East","Pennsylvania","Philadelphia","6","120","60","Cash on Delivery"
"ORD-10895","2025-05-24","CUST-1045","James Jackson","Office Supplies","Premium A4 Copy Paper","Central","Ohio","Cleveland","7","105","52.5","Net Banking"
"ORD-10896","2026-03-28","CUST-1000","Stephanie Hernandez","Furniture","3-Drawer Mobile File Cabinet","East","New York","New York City","2","298","46.52","Credit Card"
"ORD-10897","2024-03-07","CUST-1011","Sarah Sanchez","Office Supplies","Desktop File Organizer","Central","Texas","Dallas","5","100","50","Credit Card"
"ORD-10898","2025-06-07","CUST-1000","Stephanie Hernandez","Furniture","Ergonomic Office Chair","Central","Ohio","Cleveland","1","249","31.39","UPI"
"ORD-10899","2026-05-24","CUST-1013","Laura Gonzalez","Technology","MacBook Air M3","East","New York","Buffalo","2","2198","615.44","UPI"
"ORD-10900","2025-07-19","CUST-1006","Ashley Garcia","Office Supplies","Ergonomic Footrest","West","California","San Francisco","8","360","108","Cash on Delivery"
"ORD-10901","2026-02-02","CUST-1004","Mark Jones","Technology","Logitech MX Master 3S","Central","Texas","Austin","1","99","34.65","Net Banking"
"ORD-10902","2024-11-03","CUST-1037","Megan Hernandez","Technology","Logitech MX Master 3S","East","Massachusetts","Boston","1","99","34.65","UPI"
"ORD-10903","2026-05-15","CUST-1005","Mark Clark","Technology","Dell XPS 13","East","Massachusetts","Boston","1","999","199.8","Credit Card"
"ORD-10904","2026-04-13","CUST-1066","Matthew Sanchez","Technology","Samsung Galaxy S24","West","California","San Diego","2","1600.22","352.05","Cash on Delivery"
"ORD-10905","2025-04-20","CUST-1013","Laura Gonzalez","Furniture","Ergonomic Office Chair","Central","Texas","Houston","1","249","24.75","Cash on Delivery"
"ORD-10906","2024-03-21","CUST-1003","Paul Lewis","Furniture","Wooden Writing Desk","South","Georgia","Atlanta","1","299","26.78","Debit Card"
"ORD-10907","2025-07-14","CUST-1003","Paul Lewis","Technology","USB-C Docking Station","South","Florida","Miami","3","240","96","Credit Card"
"ORD-10908","2024-08-13","CUST-1018","Jessica Martin","Office Supplies","Ergonomic Footrest","East","Pennsylvania","Philadelphia","1","45","13.5","Cash on Delivery"
"ORD-10909","2025-07-21","CUST-1044","Matthew Gonzalez","Office Supplies","Premium A4 Copy Paper","South","Florida","Miami","8","110.4","55.2","Cash on Delivery"
"ORD-10910","2024-08-25","CUST-1005","Mark Clark","Office Supplies","Leather Binder Organizer","East","Pennsylvania","Philadelphia","5","175","78.75","Cash on Delivery"
"ORD-10911","2025-06-22","CUST-1001","David Jackson","Office Supplies","Premium A4 Copy Paper","South","North Carolina","Charlotte","3","40.05","20.02","UPI"
"ORD-10912","2024-10-25","CUST-1014","Courtney Perez","Furniture","Electric Standing Desk","West","California","San Diego","1","399","36.98","Credit Card"
"ORD-10913","2025-10-24","CUST-1031","Daniel Hernandez","Technology","iPhone 15 Pro","West","California","Los Angeles","1","919.08","229.77","Net Banking"
"ORD-10914","2025-08-16","CUST-1014","Courtney Perez","Office Supplies","Leather Binder Organizer","East","New York","New York City","3","105","47.25","Cash on Delivery"
"ORD-10915","2026-01-24","CUST-1020","Emily Harris","Office Supplies","Dry Erase Whiteboard","South","Georgia","Atlanta","7","455","159.25","Net Banking"
"ORD-10916","2024-12-20","CUST-1063","Amber Martinez","Office Supplies","Leather Binder Organizer","West","Oregon","Portland","8","280","126","Debit Card"
"ORD-10917","2026-03-25","CUST-1000","Stephanie Hernandez","Office Supplies","Leather Binder Organizer","West","California","San Diego","8","280","126","Net Banking"
"ORD-10918","2026-02-02","CUST-1050","Jessica Brown","Technology","USB-C Docking Station","East","New York","New York City","2","160","64","Debit Card"
"ORD-10919","2024-10-01","CUST-1005","Mark Clark","Office Supplies","Leather Binder Organizer","East","New York","Buffalo","5","175","78.75","Credit Card"
"ORD-10920","2024-06-09","CUST-1017","Michael Clark","Technology","Dell XPS 13","South","Florida","Miami","1","999","199.8","UPI"
"ORD-10921","2024-07-20","CUST-1068","Elizabeth Lopez","Technology","Mechanical Keyboard","South","Georgia","Atlanta","1","105.6","31.68","UPI"
"ORD-10922","2025-02-19","CUST-1027","Laura Thompson","Office Supplies","Leather Binder Organizer","West","Oregon","Portland","9","315","141.75","Credit Card"
"ORD-10923","2024-08-01","CUST-1055","Nicole Smith","Technology","Mechanical Keyboard","West","California","Los Angeles","2","240","72","Cash on Delivery"
"ORD-10924","2025-10-06","CUST-1000","Stephanie Hernandez","Office Supplies","Heavy Duty Stapler","West","Washington","Seattle","9","225","90","Net Banking"
"ORD-10925","2025-11-06","CUST-1082","Mark Harris","Furniture","Wooden Writing Desk","Central","Illinois","Chicago","1","284.05","33.24","Credit Card"
"ORD-10926","2024-08-23","CUST-1025","Laura Lopez","Technology","Samsung Galaxy S24","South","Florida","Miami","1","899","197.78","Credit Card"
"ORD-10927","2025-02-11","CUST-1000","Stephanie Hernandez","Technology","Mechanical Keyboard","West","Washington","Seattle","1","120","36","Credit Card"
"ORD-10928","2025-03-02","CUST-1012","Donald Jones","Furniture","Wooden Writing Desk","East","Massachusetts","Boston","1","278.07","27.54","Credit Card"
"ORD-10929","2024-06-04","CUST-1003","Paul Lewis","Office Supplies","Gel Pen Pack (12 Qty)","West","California","San Diego","3","36","21.6","Net Banking"
"ORD-10930","2024-05-13","CUST-1019","Amanda Jones","Technology","MacBook Air M3","Central","Texas","Houston","1","1099","307.72","Debit Card"
"ORD-10931","2025-09-08","CUST-1000","Stephanie Hernandez","Furniture","3-Drawer Mobile File Cabinet","Central","Texas","Dallas","1","149","23.2","Debit Card"
"ORD-10932","2026-01-06","CUST-1068","Elizabeth Lopez","Office Supplies","Ergonomic Footrest","East","New York","New York City","10","418.5","125.55","UPI"
"ORD-10933","2025-05-22","CUST-1000","Stephanie Hernandez","Technology","Dell XPS 13","East","New York","New York City","2","1998","399.6","Credit Card"
"ORD-10934","2026-04-02","CUST-1000","Stephanie Hernandez","Furniture","Wooden Writing Desk","West","Washington","Seattle","1","299","27.58","Cash on Delivery"
"ORD-10935","2024-10-18","CUST-1008","Rachel Clark","Furniture","Bookshelf (5-Tier)","East","New York","New York City","2","238","29.28","Credit Card"
"ORD-10936","2025-03-15","CUST-1000","Stephanie Hernandez","Technology","iPhone 15 Pro","West","Oregon","Portland","3","2787.21","696.8","UPI"
"ORD-10937","2025-10-28","CUST-1004","Mark Jones","Technology","Mechanical Keyboard","South","Florida","Miami","2","240","72","Debit Card"
"ORD-10938","2024-03-15","CUST-1064","Amanda Perez","Furniture","Ergonomic Office Chair","Central","Texas","Austin","4","906.36","111.56","Credit Card"
"ORD-10939","2024-05-20","CUST-1082","Mark Harris","Office Supplies","Dry Erase Whiteboard","West","Washington","Seattle","7","455","159.25","Cash on Delivery"
"ORD-10940","2025-04-07","CUST-1010","Steven Johnson","Technology","USB-C Docking Station","West","Washington","Seattle","1","80","32","Credit Card"
"ORD-10941","2024-01-20","CUST-1096","Matthew Jones","Office Supplies","Premium A4 Copy Paper","East","New York","Buffalo","9","125.55","62.78","Cash on Delivery"
"ORD-10942","2025-01-12","CUST-1001","David Jackson","Technology","Mechanical Keyboard","South","Florida","Orlando","1","120","36","Debit Card"
"ORD-10943","2025-05-01","CUST-1067","Rachel Hernandez","Furniture","Wooden Writing Desk","West","California","Los Angeles","1","299","27.22","Cash on Delivery"
"ORD-10944","2024-07-23","CUST-1023","Joseph Sanchez","Office Supplies","Premium A4 Copy Paper","West","Washington","Seattle","3","45","22.5","UPI"
"ORD-10945","2025-02-07","CUST-1067","Rachel Hernandez","Technology","MacBook Air M3","Central","Texas","Dallas","1","1099","307.72","Debit Card"
"ORD-10946","2025-09-26","CUST-1022","James Harris","Furniture","Bookshelf (5-Tier)","West","California","San Diego","1","105.91","14.48","Cash on Delivery"
"ORD-10947","2026-02-12","CUST-1001","David Jackson","Technology","Dell XPS 13","East","New York","Buffalo","1","999","199.8","UPI"
"ORD-10948","2024-02-08","CUST-1026","Daniel Lee","Office Supplies","Premium A4 Copy Paper","Central","Illinois","Chicago","1","15","7.5","UPI"
"ORD-10949","2025-09-14","CUST-1024","Michael Clark","Office Supplies","Ergonomic Footrest","South","Florida","Miami","8","360","108","Cash on Delivery"
"ORD-10950","2025-05-11","CUST-1021","David Lewis","Technology","USB-C Docking Station","Central","Texas","Dallas","1","80","32","Debit Card"
"ORD-10951","2025-06-24","CUST-1018","Jessica Martin","Technology","USB-C Docking Station","Central","Texas","Austin","1","80","32","Cash on Delivery"
"ORD-10952","2024-07-12","CUST-1010","Steven Johnson","Office Supplies","Dry Erase Whiteboard","South","Georgia","Atlanta","1","65","22.75","UPI"
"ORD-10953","2025-10-29","CUST-1018","Jessica Martin","Technology","Samsung Galaxy S24","Central","Texas","Dallas","2","1798","395.56","Debit Card"
"ORD-10954","2024-06-26","CUST-1044","Matthew Gonzalez","Technology","Mechanical Keyboard","West","Oregon","Portland","1","109.2","32.76","UPI"
"ORD-10955","2026-05-08","CUST-1003","Paul Lewis","Technology","iPhone 15 Pro","Central","Texas","Austin","1","999","249.75","Debit Card"
"ORD-10956","2026-04-21","CUST-1011","Sarah Sanchez","Office Supplies","Dry Erase Whiteboard","West","California","Los Angeles","9","520.65","182.23","Cash on Delivery"
"ORD-10957","2024-07-16","CUST-1001","David Jackson","Furniture","Wooden Writing Desk","Central","Texas","Austin","1","299","32.01","Credit Card"
"ORD-10958","2025-05-06","CUST-1029","Thomas White","Technology","Mechanical Keyboard","East","Massachusetts","Boston","1","120","36","Credit Card"
"ORD-10959","2025-04-27","CUST-1013","Laura Gonzalez","Technology","MacBook Air M3","Central","Texas","Houston","1","1099","307.72","Debit Card"
"ORD-10960","2024-05-11","CUST-1039","Nicole Harris","Technology","MacBook Air M3","East","New York","New York City","1","978.11","273.87","UPI"
"ORD-10961","2025-05-23","CUST-1062","Thomas Thomas","Office Supplies","Dry Erase Whiteboard","East","New York","Buffalo","9","585","204.75","Cash on Delivery"
"ORD-10962","2025-05-21","CUST-1004","Mark Jones","Furniture","LED Desk Lamp with Qi Charger","East","New York","New York City","1","42.14","8.18","Credit Card"
"ORD-10963","2025-09-24","CUST-1017","Michael Clark","Furniture","Electric Standing Desk","East","New York","New York City","1","351.12","29.96","Debit Card"
"ORD-10964","2025-01-09","CUST-1026","Daniel Lee","Furniture","Ergonomic Office Chair","South","North Carolina","Charlotte","1","226.59","22.16","UPI"
"ORD-10965","2024-07-25","CUST-1016","Amanda Jackson","Technology","Samsung Galaxy S24","East","New York","Buffalo","1","899","197.78","Net Banking"
"ORD-10966","2025-01-16","CUST-1061","Joseph Ramirez","Office Supplies","Leather Binder Organizer","East","New York","Buffalo","4","140","63","Cash on Delivery"
"ORD-10967","2024-06-12","CUST-1095","Amanda Thomas","Technology","Samsung Galaxy S24","East","New York","New York City","3","2697","593.34","Debit Card"
"ORD-10968","2026-01-03","CUST-1038","Robert Gonzalez","Furniture","LED Desk Lamp with Qi Charger","South","North Carolina","Charlotte","1","43.12","8.58","Credit Card"
"ORD-10969","2024-08-18","CUST-1040","Ashley Davis","Office Supplies","Leather Binder Organizer","South","Georgia","Atlanta","7","245","110.25","Cash on Delivery"
"ORD-10970","2026-03-24","CUST-1079","Laura Perez","Office Supplies","Premium A4 Copy Paper","Central","Illinois","Chicago","9","135","67.5","Cash on Delivery"
"ORD-10971","2024-05-09","CUST-1010","Steven Johnson","Office Supplies","Ergonomic Footrest","East","New York","New York City","5","209.25","62.78","Debit Card"
"ORD-10972","2025-10-22","CUST-1060","Michael Jackson","Technology","Logitech MX Master 3S","West","Oregon","Portland","1","99","34.65","UPI"
"ORD-10973","2024-08-23","CUST-1001","David Jackson","Technology","Logitech MX Master 3S","Central","Texas","Dallas","1","84.15","29.45","Net Banking"
"ORD-10974","2025-07-25","CUST-1024","Michael Clark","Furniture","LED Desk Lamp with Qi Charger","Central","Ohio","Cleveland","2","92.12","20.93","Cash on Delivery"
"ORD-10975","2025-06-10","CUST-1000","Stephanie Hernandez","Technology","iPhone 15 Pro","East","New York","Buffalo","1","999","249.75","Debit Card"
"ORD-10976","2026-05-11","CUST-1056","Jessica Clark","Office Supplies","Gel Pen Pack (12 Qty)","Central","Ohio","Cleveland","5","51.6","30.96","Debit Card"
"ORD-10977","2024-10-16","CUST-1006","Ashley Garcia","Technology","Samsung Galaxy S24","Central","Illinois","Chicago","2","1798","395.56","Debit Card"
"ORD-10978","2024-11-16","CUST-1011","Sarah Sanchez","Office Supplies","Leather Binder Organizer","East","Massachusetts","Boston","9","315","141.75","Net Banking"
"ORD-10979","2024-03-15","CUST-1036","Nicole Thomas","Furniture","3-Drawer Mobile File Cabinet","West","Oregon","Portland","1","149","20.5","Debit Card"
"ORD-10980","2025-08-03","CUST-1011","Sarah Sanchez","Furniture","3-Drawer Mobile File Cabinet","East","New York","New York City","2","298","45.06","Net Banking"
"ORD-10981","2024-04-09","CUST-1009","Melissa Jackson","Technology","USB-C Docking Station","Central","Texas","Houston","1","74.4","29.76","UPI"
"ORD-10982","2025-10-27","CUST-1079","Laura Perez","Technology","MacBook Air M3","West","California","Los Angeles","1","1099","307.72","Cash on Delivery"
"ORD-10983","2025-08-25","CUST-1066","Matthew Sanchez","Furniture","Ergonomic Office Chair","Central","Ohio","Cleveland","2","463.14","59.47","Net Banking"
"ORD-10984","2025-02-12","CUST-1020","Emily Harris","Office Supplies","Heavy Duty Stapler","West","California","San Diego","9","204.75","81.9","Cash on Delivery"
"ORD-10985","2025-08-24","CUST-1023","Joseph Sanchez","Technology","iPhone 15 Pro","West","California","San Diego","1","999","249.75","Net Banking"
"ORD-10986","2025-05-12","CUST-1006","Ashley Garcia","Technology","MacBook Air M3","Central","Ohio","Cleveland","3","3297","923.16","Cash on Delivery"
"ORD-10987","2025-12-10","CUST-1043","Sarah Gonzalez","Furniture","LED Desk Lamp with Qi Charger","West","California","San Diego","2","98","20.31","Cash on Delivery"
"ORD-10988","2024-08-25","CUST-1046","Amber Williams","Office Supplies","Ergonomic Footrest","East","Pennsylvania","Philadelphia","1","45","13.5","Credit Card"
"ORD-10989","2026-05-21","CUST-1000","Stephanie Hernandez","Office Supplies","Leather Binder Organizer","East","New York","Buffalo","1","35","15.75","Net Banking"
"ORD-10990","2024-07-21","CUST-1001","David Jackson","Office Supplies","Heavy Duty Stapler","West","Oregon","Portland","3","75","30","Debit Card"
"ORD-10991","2026-01-08","CUST-1050","Jessica Brown","Technology","Samsung Galaxy S24","West","California","San Diego","1","899","197.78","Credit Card"
"ORD-10992","2026-02-08","CUST-1023","Joseph Sanchez","Technology","Samsung Galaxy S24","Central","Texas","Austin","1","791.12","174.05","Cash on Delivery"
"ORD-10993","2025-04-06","CUST-1000","Stephanie Hernandez","Technology","Mechanical Keyboard","West","California","San Diego","1","103.2","30.96","Cash on Delivery"
"ORD-10994","2025-10-18","CUST-1021","David Lewis","Technology","Mechanical Keyboard","Central","Texas","Dallas","1","120","36","Cash on Delivery"
"ORD-10995","2024-01-28","CUST-1012","Donald Jones","Technology","Samsung Galaxy S24","East","Massachusetts","Boston","1","899","197.78","Credit Card"
"ORD-10996","2025-05-15","CUST-1002","Mark Martin","Technology","MacBook Air M3","South","North Carolina","Charlotte","1","1099","307.72","Cash on Delivery"
"ORD-10997","2024-07-07","CUST-1005","Mark Clark","Office Supplies","Ergonomic Footrest","South","Florida","Miami","4","180","54","Cash on Delivery"
"ORD-10998","2026-05-10","CUST-1021","David Lewis","Technology","Logitech MX Master 3S","South","North Carolina","Charlotte","1","99","34.65","Cash on Delivery"
"ORD-10999","2026-01-19","CUST-1094","Thomas Sanchez","Furniture","3-Drawer Mobile File Cabinet","East","New York","Buffalo","1","149","18.74","Credit Card"
"ORD-11000","2024-09-01","CUST-1067","Rachel Hernandez","Technology","Dell XPS 13","South","North Carolina","Charlotte","1","919.08","183.82","Credit Card"
"ORD-11001","2024-04-04","CUST-1004","Mark Jones","Office Supplies","Gel Pen Pack (12 Qty)","Central","Illinois","Chicago","1","12","7.2","UPI"
"ORD-11002","2024-02-10","CUST-1054","Elizabeth Anderson","Technology","Samsung Galaxy S24","South","North Carolina","Charlotte","1","899","197.78","UPI"
"ORD-11003","2024-09-15","CUST-1045","James Jackson","Technology","Samsung Galaxy S24","South","Georgia","Atlanta","1","899","197.78","UPI"
"ORD-11004","2024-08-14","CUST-1043","Sarah Gonzalez","Technology","Logitech MX Master 3S","West","Washington","Seattle","1","99","34.65","Credit Card"
"ORD-11005","2026-05-19","CUST-1058","Nicole Martinez","Technology","iPhone 15 Pro","East","New York","New York City","1","999","249.75","Net Banking"
"ORD-11006","2024-08-11","CUST-1047","Rachel Thomas","Technology","iPhone 15 Pro","West","Washington","Seattle","1","909.09","227.27","Credit Card"
"ORD-11007","2024-01-04","CUST-1007","Elizabeth Davis","Office Supplies","Gel Pen Pack (12 Qty)","West","California","Los Angeles","4","45.12","27.07","Credit Card"
"ORD-11008","2024-01-01","CUST-1000","Stephanie Hernandez","Office Supplies","Gel Pen Pack (12 Qty)","West","California","San Diego","1","10.56","6.34","Cash on Delivery"
"ORD-11009","2025-01-01","CUST-1001","David Jackson","Technology","Samsung Galaxy S24","Central","Texas","Dallas","3","2697","593.34","Debit Card"
"ORD-11010","2025-12-01","CUST-1083","Stephanie Lee","Furniture","LED Desk Lamp with Qi Charger","Central","Texas","Dallas","2","98","19.08","Cash on Delivery"
"ORD-11011","2025-07-23","CUST-1059","Sarah Thomas","Office Supplies","Desktop File Organizer","Central","Illinois","Chicago","1","20","10","Debit Card"
"ORD-11012","2025-03-19","CUST-1035","Megan Brown","Office Supplies","Leather Binder Organizer","East","New York","Buffalo","7","220.5","99.22","Net Banking"
"ORD-11013","2024-01-17","CUST-1007","Elizabeth Davis","Technology","MacBook Air M3","East","New York","New York City","2","2198","615.44","Cash on Delivery"
"ORD-11014","2026-03-30","CUST-1007","Elizabeth Davis","Technology","MacBook Air M3","Central","Ohio","Cleveland","2","2198","615.44","Credit Card"
"ORD-11015","2025-04-02","CUST-1000","Stephanie Hernandez","Technology","Mechanical Keyboard","West","California","San Diego","1","120","36","UPI"
"ORD-11016","2025-01-07","CUST-1032","Thomas Garcia","Office Supplies","Desktop File Organizer","South","Georgia","Atlanta","3","60","30","Credit Card"
"ORD-11017","2025-06-22","CUST-1011","Sarah Sanchez","Office Supplies","Gel Pen Pack (12 Qty)","South","Florida","Miami","1","12","7.2","UPI"
"ORD-11018","2025-01-30","CUST-1001","David Jackson","Office Supplies","Heavy Duty Stapler","Central","Texas","Dallas","3","75","30","UPI"
"ORD-11019","2025-03-28","CUST-1018","Jessica Martin","Technology","USB-C Docking Station","West","Oregon","Portland","1","74.4","29.76","Cash on Delivery"
"ORD-11020","2024-02-15","CUST-1040","Ashley Davis","Furniture","Electric Standing Desk","East","Pennsylvania","Philadelphia","1","343.14","29.14","Cash on Delivery"
"ORD-11021","2025-05-08","CUST-1035","Megan Brown","Furniture","Bookshelf (5-Tier)","East","Pennsylvania","Philadelphia","1","119","12.76","UPI"
"ORD-11022","2025-06-23","CUST-1032","Thomas Garcia","Furniture","3-Drawer Mobile File Cabinet","West","Washington","Seattle","1","140.06","18.17","UPI"
"ORD-11023","2026-04-02","CUST-1000","Stephanie Hernandez","Furniture","Electric Standing Desk","Central","Texas","Dallas","2","694.26","44.33","UPI"
"ORD-11024","2026-05-10","CUST-1026","Daniel Lee","Furniture","Electric Standing Desk","South","Florida","Orlando","1","355.11","23.05","Debit Card"
"ORD-11025","2025-07-27","CUST-1024","Michael Clark","Furniture","Wooden Writing Desk","West","California","San Diego","4","1196","113.26","Credit Card"
"ORD-11026","2024-01-04","CUST-1023","Joseph Sanchez","Furniture","Electric Standing Desk","West","Washington","Seattle","2","798","69.9","Net Banking"
"ORD-11027","2024-09-02","CUST-1073","Paul Johnson","Technology","Samsung Galaxy S24","West","California","San Francisco","2","1798","395.56","Cash on Delivery"
"ORD-11028","2024-11-25","CUST-1017","Michael Clark","Technology","MacBook Air M3","South","Georgia","Atlanta","1","1099","307.72","Net Banking"
"ORD-11029","2025-07-02","CUST-1000","Stephanie Hernandez","Technology","Mechanical Keyboard","South","Georgia","Atlanta","3","360","108","Debit Card"
"ORD-11030","2025-02-28","CUST-1059","Sarah Thomas","Technology","Dell XPS 13","Central","Illinois","Chicago","1","859.14","171.83","UPI"
"ORD-11031","2025-01-21","CUST-1000","Stephanie Hernandez","Technology","iPhone 15 Pro","East","Massachusetts","Boston","1","999","249.75","Cash on Delivery"
"ORD-11032","2026-01-06","CUST-1019","Amanda Jones","Office Supplies","Dry Erase Whiteboard","West","Washington","Seattle","2","130","45.5","Debit Card"
"ORD-11033","2024-08-09","CUST-1029","Thomas White","Furniture","Electric Standing Desk","South","Georgia","Atlanta","1","359.1","26.83","Debit Card"
"ORD-11034","2025-01-09","CUST-1011","Sarah Sanchez","Furniture","Wooden Writing Desk","East","Massachusetts","Boston","1","299","27.52","Cash on Delivery"
"ORD-11035","2024-12-21","CUST-1081","Amber Lewis","Technology","Dell XPS 13","East","New York","Buffalo","1","999","199.8","Cash on Delivery"
"ORD-11036","2025-03-27","CUST-1092","Megan Davis","Technology","Logitech MX Master 3S","West","California","Los Angeles","1","90.09","31.53","Cash on Delivery"
"ORD-11037","2024-06-09","CUST-1073","Paul Johnson","Technology","iPhone 15 Pro","South","Georgia","Atlanta","1","999","249.75","Net Banking"
"ORD-11038","2025-01-10","CUST-1033","Jessica Clark","Furniture","LED Desk Lamp with Qi Charger","Central","Texas","Houston","2","98","21.78","Debit Card"
"ORD-11039","2024-02-08","CUST-1086","William Lewis","Technology","USB-C Docking Station","South","Florida","Miami","1","80","32","UPI"
"ORD-11040","2025-08-14","CUST-1003","Paul Lewis","Furniture","Wooden Writing Desk","Central","Illinois","Chicago","1","272.09","30.31","Debit Card"
"ORD-11041","2025-09-01","CUST-1006","Ashley Garcia","Furniture","Electric Standing Desk","Central","Texas","Austin","4","1596","137.12","Net Banking"
"ORD-11042","2025-01-01","CUST-1005","Mark Clark","Office Supplies","Premium A4 Copy Paper","East","New York","Buffalo","6","77.4","38.7","Net Banking"
"ORD-11043","2024-04-14","CUST-1055","Nicole Smith","Office Supplies","Leather Binder Organizer","South","Georgia","Atlanta","7","245","110.25","Debit Card"
"ORD-11044","2025-12-02","CUST-1001","David Jackson","Furniture","Ergonomic Office Chair","East","New York","New York City","2","498","50.44","Cash on Delivery"
"ORD-11045","2024-12-08","CUST-1008","Rachel Clark","Technology","USB-C Docking Station","West","Oregon","Portland","1","80","32","Cash on Delivery"
"ORD-11046","2025-07-31","CUST-1003","Paul Lewis","Technology","Logitech MX Master 3S","Central","Illinois","Chicago","1","99","34.65","Debit Card"
"ORD-11047","2025-10-03","CUST-1013","Laura Gonzalez","Technology","Mechanical Keyboard","East","Massachusetts","Boston","1","120","36","Debit Card"
"ORD-11048","2024-09-06","CUST-1001","David Jackson","Technology","Logitech MX Master 3S","West","California","Los Angeles","1","99","34.65","Net Banking"
"ORD-11049","2025-05-23","CUST-1077","Robert Sanchez","Office Supplies","Dry Erase Whiteboard","West","Washington","Seattle","10","650","227.5","Net Banking"
"ORD-11050","2025-04-28","CUST-1072","Laura Wilson","Technology","Samsung Galaxy S24","Central","Ohio","Cleveland","1","899","197.78","UPI"
"ORD-11051","2024-10-22","CUST-1078","Amber Garcia","Technology","Logitech MX Master 3S","West","California","San Diego","1","99","34.65","Net Banking"
"ORD-11052","2025-04-04","CUST-1002","Mark Martin","Office Supplies","Desktop File Organizer","Central","Texas","Dallas","7","140","70","UPI"
"ORD-11053","2025-11-01","CUST-1000","Stephanie Hernandez","Furniture","Ergonomic Office Chair","East","Pennsylvania","Philadelphia","1","249","31.82","Debit Card"
"ORD-11054","2024-07-25","CUST-1006","Ashley Garcia","Office Supplies","Leather Binder Organizer","West","California","San Diego","5","175","78.75","UPI"
"ORD-11055","2025-04-12","CUST-1034","Stephanie Johnson","Office Supplies","Ergonomic Footrest","South","Florida","Miami","8","360","108","Cash on Delivery"
"ORD-11056","2024-04-06","CUST-1041","Jane Perez","Technology","Logitech MX Master 3S","West","Washington","Seattle","1","99","34.65","Cash on Delivery"
"ORD-11057","2025-07-18","CUST-1081","Amber Lewis","Technology","Samsung Galaxy S24","East","Massachusetts","Boston","2","1798","395.56","Debit Card"
"ORD-11058","2025-06-24","CUST-1088","Joseph Lee","Office Supplies","Premium A4 Copy Paper","South","North Carolina","Charlotte","6","83.7","41.85","Net Banking"
"ORD-11059","2024-06-01","CUST-1084","David Perez","Technology","Dell XPS 13","West","Oregon","Portland","2","1998","399.6","Cash on Delivery"
"ORD-11060","2024-05-18","CUST-1012","Donald Jones","Office Supplies","Heavy Duty Stapler","Central","Texas","Dallas","6","136.5","54.6","Net Banking"
"ORD-11061","2025-02-19","CUST-1035","Megan Brown","Furniture","Wooden Writing Desk","West","Oregon","Portland","1","299","26.06","UPI"
"ORD-11062","2025-07-31","CUST-1015","Megan Miller","Technology","USB-C Docking Station","West","California","San Diego","1","80","32","Credit Card"
"ORD-11063","2026-03-09","CUST-1014","Courtney Perez","Technology","Dell XPS 13","Central","Texas","Houston","1","999","199.8","Debit Card"
"ORD-11064","2024-04-20","CUST-1004","Mark Jones","Technology","Dell XPS 13","East","Massachusetts","Boston","1","999","199.8","Net Banking"
"ORD-11065","2024-08-25","CUST-1000","Stephanie Hernandez","Furniture","Electric Standing Desk","East","Massachusetts","Boston","1","399","28.38","Net Banking"
"ORD-11066","2025-08-24","CUST-1018","Jessica Martin","Technology","Mechanical Keyboard","East","Pennsylvania","Philadelphia","1","120","36","Debit Card"
"ORD-11067","2024-01-24","CUST-1020","Emily Harris","Furniture","LED Desk Lamp with Qi Charger","West","California","San Diego","1","49","9.53","Net Banking"
"ORD-11068","2025-05-08","CUST-1023","Joseph Sanchez","Technology","iPhone 15 Pro","Central","Texas","Houston","1","999","249.75","Net Banking"
"ORD-11069","2025-11-12","CUST-1000","Stephanie Hernandez","Technology","USB-C Docking Station","West","California","San Francisco","1","80","32","Cash on Delivery"
"ORD-11070","2026-03-02","CUST-1012","Donald Jones","Technology","Dell XPS 13","West","California","San Diego","1","999","199.8","Debit Card"
"ORD-11071","2024-05-04","CUST-1077","Robert Sanchez","Technology","Logitech MX Master 3S","East","New York","New York City","1","99","34.65","Debit Card"
"ORD-11072","2026-03-18","CUST-1000","Stephanie Hernandez","Furniture","Ergonomic Office Chair","West","California","San Francisco","1","249","31.66","Cash on Delivery"
"ORD-11073","2024-09-18","CUST-1025","Laura Lopez","Technology","MacBook Air M3","Central","Texas","Dallas","2","2198","615.44","Cash on Delivery"
"ORD-11074","2024-09-27","CUST-1004","Mark Jones","Office Supplies","Gel Pen Pack (12 Qty)","West","Oregon","Portland","5","60","36","UPI"
"ORD-11075","2026-05-22","CUST-1069","Sarah Williams","Office Supplies","Dry Erase Whiteboard","South","North Carolina","Charlotte","5","279.5","97.82","Credit Card"
"ORD-11076","2025-10-14","CUST-1091","Charles Thompson","Office Supplies","Desktop File Organizer","Central","Texas","Dallas","1","20","10","Net Banking"
"ORD-11077","2024-08-01","CUST-1068","Elizabeth Lopez","Furniture","3-Drawer Mobile File Cabinet","West","California","San Francisco","1","140.06","18.1","UPI"
"ORD-11078","2025-06-15","CUST-1041","Jane Perez","Office Supplies","Gel Pen Pack (12 Qty)","West","California","Los Angeles","2","24","14.4","UPI"
"ORD-11079","2024-08-10","CUST-1000","Stephanie Hernandez","Office Supplies","Premium A4 Copy Paper","East","New York","Buffalo","5","75","37.5","Debit Card"
"ORD-11080","2025-10-16","CUST-1027","Laura Thompson","Furniture","Electric Standing Desk","West","Oregon","Portland","1","351.12","33.86","Cash on Delivery"
"ORD-11081","2025-03-01","CUST-1019","Amanda Jones","Office Supplies","Dry Erase Whiteboard","South","Florida","Miami","2","120.9","42.32","Debit Card"
"ORD-11082","2025-11-27","CUST-1000","Stephanie Hernandez","Technology","iPhone 15 Pro","West","California","San Francisco","2","1998","499.5","Debit Card"
"ORD-11083","2024-04-25","CUST-1005","Mark Clark","Technology","USB-C Docking Station","East","Pennsylvania","Philadelphia","1","80","32","Net Banking"
"ORD-11084","2024-08-29","CUST-1003","Paul Lewis","Furniture","LED Desk Lamp with Qi Charger","West","California","San Diego","4","196","40.12","Debit Card"
"ORD-11085","2025-03-11","CUST-1015","Megan Miller","Office Supplies","Ergonomic Footrest","Central","Texas","Dallas","3","135","40.5","Credit Card"
"ORD-11086","2024-11-30","CUST-1055","Nicole Smith","Technology","Samsung Galaxy S24","West","California","Los Angeles","1","782.13","172.07","Debit Card"
"ORD-11087","2024-04-05","CUST-1043","Sarah Gonzalez","Office Supplies","Dry Erase Whiteboard","West","California","Los Angeles","10","650","227.5","UPI"
"ORD-11088","2025-05-24","CUST-1000","Stephanie Hernandez","Office Supplies","Dry Erase Whiteboard","West","Oregon","Portland","3","195","68.25","Debit Card"
"ORD-11089","2024-08-08","CUST-1007","Elizabeth Davis","Technology","iPhone 15 Pro","Central","Illinois","Chicago","1","919.08","229.77","Debit Card"
"ORD-11090","2024-12-20","CUST-1000","Stephanie Hernandez","Furniture","3-Drawer Mobile File Cabinet","East","Pennsylvania","Philadelphia","4","596","91.5","Net Banking"
"ORD-11091","2024-10-02","CUST-1000","Stephanie Hernandez","Office Supplies","Desktop File Organizer","East","New York","Buffalo","7","140","70","Cash on Delivery"
"ORD-11092","2024-09-24","CUST-1002","Mark Martin","Office Supplies","Desktop File Organizer","South","North Carolina","Charlotte","6","120","60","Net Banking"
"ORD-11093","2025-08-18","CUST-1001","David Jackson","Technology","Logitech MX Master 3S","West","California","San Diego","1","90.09","31.53","Cash on Delivery"
"ORD-11094","2024-03-27","CUST-1006","Ashley Garcia","Office Supplies","Dry Erase Whiteboard","East","New York","Buffalo","7","423.15","148.1","Cash on Delivery"
"ORD-11095","2024-06-19","CUST-1015","Megan Miller","Technology","Samsung Galaxy S24","West","California","Los Angeles","3","2508.21","551.81","UPI"
"ORD-11096","2025-07-12","CUST-1000","Stephanie Hernandez","Office Supplies","Gel Pen Pack (12 Qty)","West","Washington","Seattle","4","48","28.8","Credit Card"
"ORD-11097","2025-09-01","CUST-1041","Jane Perez","Technology","Logitech MX Master 3S","Central","Texas","Dallas","1","99","34.65","UPI"
"ORD-11098","2025-10-26","CUST-1068","Elizabeth Lopez","Technology","Samsung Galaxy S24","Central","Illinois","Chicago","1","899","197.78","Credit Card"
"ORD-11099","2024-05-28","CUST-1061","Joseph Ramirez","Office Supplies","Desktop File Organizer","Central","Illinois","Chicago","5","92","46","Debit Card"
"ORD-11100","2025-06-03","CUST-1005","Mark Clark","Office Supplies","Gel Pen Pack (12 Qty)","West","California","Los Angeles","5","60","36","Net Banking"
